index,S:all,I:all,r0:all,v:all,sto:all,rep:all,phi:all,log_like
0,0.933794,0.0669517,1.41761,41.1884,0.1,0.996738,0.1,-2818.364154
1,0.933298,0.0667023,1.40631,40.8602,0.1,0.996725,0.1,-2818.364154
2,0.933794,0.0669517,1.41761,41.1884,0.1,0.996738,0.1,-2818.364154
3,0.933298,0.0667023,1.40631,40.8602,0.1,0.996725,0.1,-2818.364154
4,0.933794,0.0669517,1.41761,41.1884,0.1,0.996738,0.1,-2818.364154
5,0.933298,0.0667023,1.40631,40.8602,0.1,0.996725,0.1,-2818.364154
6,0.933794,0.0669517,1.41761,41.1884,0.1,0.996738,0.1,-2818.364154
7,0.933298,0.0667023,1.40631,40.8602,0.1,0.996725,0.1,-2818.364154
8,0.933794,0.0669517,1.41761,41.1884,0.1,0.996738,0.1,-2818.364154
9,0.933298,0.0667023,1.40631,40.8602,0.1,0.996725,0.1,-2818.364154
10,0.933794,0.0669517,1.41761,41.1884,0.1,0.996738,0.1,-2818.364154
11,0.933298,0.0667023,1.40631,40.8602,0.1,0.996725,0.1,-2818.364154
12,0.933794,0.0669517,1.41761,41.1884,0.1,0.996738,0.1,-2818.364154
13,0.933298,0.0667023,1.40631,40.8602,0.1,0.996725,0.1,-2818.364154
14,0.933794,0.0669517,1.41761,41.1884,0.1,0.996738,0.1,-2818.364154
15,0.933298,0.0667023,1.40631,40.8602,0.1,0.996725,0.1,-2818.364154
16,0.933794,0.0669517,1.41761,41.1884,0.1,0.996738,0.1,-2818.364154
17,0.933298,0.0667023,1.40631,40.8602,0.1,0.996725,0.1,-2818.364154
18,0.933794,0.0669517,1.41761,41.1884,0.1,0.996738,0.1,-2818.364154
19,0.933298,0.0667023,1.40631,40.8602,0.1,0.996725,0.1,-2818.364154
20,0.933794,0.0669517,1.41761,41.1884,0.1,0.996738,0.1,-2818.364154
21,0.933298,0.0667023,1.40631,40.8602,0.1,0.996725,0.1,-2818.364154
22,0.933794,0.0669517,1.41761,41.1884,0.1,0.996738,0.1,-2818.364154
23,0.933298,0.0667023,1.40631,40.8602,0.1,0.996725,0.1,-2818.364154
24,0.933794,0.0669517,1.41761,41.1884,0.1,0.996738,0.1,-2818.364154
25,0.933298,0.0667023,1.40631,40.8602,0.1,0.996725,0.1,-2818.364154
26,0.933794,0.0669517,1.41761,41.1884,0.1,0.996738,0.1,-2818.364154
27,0.933298,0.0667023,1.40631,40.8602,0.1,0.996725,0.1,-2818.364154
28,0.933794,0.0669517,1.41761,41.1884,0.1,0.996738,0.1,-2818.364154
29,0.933298,0.0667023,1.40631,40.8602,0.1,0.996725,0.1,-2818.364154
30,0.933794,0.0669517,1.41761,41.1884,0.1,0.996738,0.1,-2818.364154
31,0.933298,0.0667023,1.40631,40.8602,0.1,0.996725,0.1,-2818.364154
32,0.933794,0.0669517,1.41761,41.1884,0.1,0.996738,0.1,-2818.364154
33,0.933298,0.0667023,1.40631,40.8602,0.1,0.996725,0.1,-2818.364154
34,0.933794,0.0669517,1.41761,41.1884,0.1,0.996738,0.1,-2818.364154
35,0.933298,0.0667023,1.40631,40.8602,0.1,0.996725,0.1,-2818.364154
36,0.933794,0.0669517,1.41761,41.1884,0.1,0.996738,0.1,-2818.364154
37,0.933298,0.0667023,1.40631,40.8602,0.1,0.996725,0.1,-2818.364154
38,0.933794,0.0669517,1.41761,41.1884,0.1,0.996738,0.1,-2818.364154
39,0.933298,0.0667023,1.40631,40.8602,0.1,0.996725,0.1,-2818.364154
40,0.933794,0.0669517,1.41761,41.1884,0.1,0.996738,0.1,-2818.364154
41,0.933298,0.0667023,1.40631,40.8602,0.1,0.996725,0.1,-2818.364154
42,0.933794,0.0669517,1.41761,41.1884,0.1,0.996738,0.1,-2818.364154
43,0.933298,0.0667023,1.40631,40.8602,0.1,0.996725,0.1,-2818.364154
44,0.933794,0.0669517,1.41761,41.1884,0.1,0.996738,0.1,-2818.364154
45,0.933298,0.0667023,1.40631,40.8602,0.1,0.996725,0.1,-2818.364154
46,0.933794,0.0669517,1.41761,41.1884,0.1,0.996738,0.1,-2818.364154
47,0.933298,0.0667023,1.40631,40.8602,0.1,0.996725,0.1,-2818.364154
48,0.933794,0.0669517,1.41761,41.1884,0.1,0.996738,0.1,-2818.364154
49,0.933298,0.0667023,1.40631,40.8602,0.1,0.996725,0.1,-2818.364154
50,0.933794,0.0669517,1.41761,41.1884,0.1,0.996738,0.1,-2818.364154
51,0.933298,0.0667023,1.40631,40.8602,0.1,0.996725,0.1,-2818.364154
52,0.933794,0.0669517,1.41761,41.1884,0.1,0.996738,0.1,-2818.364154
53,0.933298,0.0667023,1.40631,40.8602,0.1,0.996725,0.1,-2818.364154
54,0.933794,0.0669517,1.41761,41.1884,0.1,0.996738,0.1,-2818.364154
55,0.933298,0.0667023,1.40631,40.8602,0.1,0.996725,0.1,-2818.364154
56,0.933794,0.0669517,1.41761,41.1884,0.1,0.996738,0.1,-2818.364154
57,0.933298,0.0667023,1.40631,40.8602,0.1,0.996725,0.1,-2818.364154
58,0.933794,0.0669517,1.41761,41.1884,0.1,0.996738,0.1,-2818.364154
59,0.933298,0.0667023,1.40631,40.8602,0.1,0.996725,0.1,-2818.364154
60,0.933794,0.0669517,1.41761,41.1884,0.1,0.996738,0.1,-2818.364154
61,0.933298,0.0667023,1.40631,40.8602,0.1,0.996725,0.1,-2818.364154
62,0.933794,0.0669517,1.41761,41.1884,0.1,0.996738,0.1,-2818.364154
63,0.933298,0.0667023,1.40631,40.8602,0.1,0.996725,0.1,-2818.364154
64,0.933794,0.0669517,1.41761,41.1884,0.1,0.996738,0.1,-2818.364154
65,0.933298,0.0667023,1.40631,40.8602,0.1,0.996725,0.1,-2818.364154
66,0.933794,0.0669517,1.41761,41.1884,0.1,0.996738,0.1,-2818.364154
67,0.933298,0.0667023,1.40631,40.8602,0.1,0.996725,0.1,-2818.364154
68,0.933794,0.0669517,1.41761,41.1884,0.1,0.996738,0.1,-2818.364154
69,0.933298,0.0667023,1.40631,40.8602,0.1,0.996725,0.1,-2818.364154
70,0.933794,0.0669517,1.41761,41.1884,0.1,0.996738,0.1,-2818.364154
71,0.933298,0.0667023,1.40631,40.8602,0.1,0.996725,0.1,-2818.364154
72,0.933794,0.0669517,1.41761,41.1884,0.1,0.996738,0.1,-2818.364154
73,0.933298,0.0667023,1.40631,40.8602,0.1,0.996725,0.1,-2818.364154
74,0.933794,0.0669517,1.41761,41.1884,0.1,0.996738,0.1,-2818.364154
75,0.933298,0.0667023,1.40631,40.8602,0.1,0.996725,0.1,-2818.364154
76,0.933794,0.0669517,1.41761,41.1884,0.1,0.996738,0.1,-2818.364154
77,0.933298,0.0667023,1.40631,40.8602,0.1,0.996725,0.1,-2818.364154
78,0.933794,0.0669517,1.41761,41.1884,0.1,0.996738,0.1,-2818.364154
79,0.933298,0.0667023,1.40631,40.8602,0.1,0.996725,0.1,-2818.364154
80,0.933794,0.0669517,1.41761,41.1884,0.1,0.996738,0.1,-2818.364154
81,0.933298,0.0667023,1.40631,40.8602,0.1,0.996725,0.1,-2818.364154
82,0.933794,0.0669517,1.41761,41.1884,0.1,0.996738,0.1,-2818.364154
83,0.933298,0.0667023,1.40631,40.8602,0.1,0.996725,0.1,-2818.364154
84,0.933794,0.0669517,1.41761,41.1884,0.1,0.996738,0.1,-2818.364154
85,0.933298,0.0667023,1.40631,40.8602,0.1,0.996725,0.1,-2818.364154
86,0.933794,0.0669517,1.41761,41.1884,0.1,0.996738,0.1,-2818.364154
87,0.933298,0.0667023,1.40631,40.8602,0.1,0.996725,0.1,-2818.364154
88,0.933794,0.0669517,1.41761,41.1884,0.1,0.996738,0.1,-2818.364154
89,0.933298,0.0667023,1.40631,40.8602,0.1,0.996725,0.1,-2818.364154
90,0.933794,0.0669517,1.41761,41.1884,0.1,0.996738,0.1,-2818.364154
91,0.933298,0.0667023,1.40631,40.8602,0.1,0.996725,0.1,-2818.364154
92,0.933794,0.0669517,1.41761,41.1884,0.1,0.996738,0.1,-2818.364154
93,0.933298,0.0667023,1.40631,40.8602,0.1,0.996725,0.1,-2818.364154
94,0.933794,0.0669517,1.41761,41.1884,0.1,0.996738,0.1,-2818.364154
95,0.933298,0.0667023,1.40631,40.8602,0.1,0.996725,0.1,-2818.364154
96,0.933794,0.0669517,1.41761,41.1884,0.1,0.996738,0.1,-2818.364154
97,0.933298,0.0667023,1.40631,40.8602,0.1,0.996725,0.1,-2818.364154
98,0.933794,0.0669517,1.41761,41.1884,0.1,0.996738,0.1,-2818.364154
99,0.933298,0.0667023,1.40631,40.8602,0.1,0.996725,0.1,-2818.364154
100,0.933794,0.0669517,1.41761,41.1884,0.1,0.996738,0.1,-2818.364154
101,0.933298,0.0667023,1.40631,40.8602,0.1,0.996725,0.1,-2818.364154
102,0.933794,0.0669517,1.41761,41.1884,0.1,0.996738,0.1,-2818.364154
103,0.933298,0.0667023,1.40631,40.8602,0.1,0.996725,0.1,-2818.364154
104,0.933794,0.0669517,1.41761,41.1884,0.1,0.996738,0.1,-2818.364154
105,0.933298,0.0667023,1.40631,40.8602,0.1,0.996725,0.1,-2818.364154
106,0.933794,0.0669517,1.41761,41.1884,0.1,0.996738,0.1,-2818.364154
107,0.933298,0.0667023,1.40631,40.8602,0.1,0.996725,0.1,-2818.364154
108,0.933794,0.0669517,1.41761,41.1884,0.1,0.996738,0.1,-2818.364154
109,0.933298,0.0667023,1.40631,40.8602,0.1,0.996725,0.1,-2818.364154
110,0.933794,0.0669517,1.41761,41.1884,0.1,0.996738,0.1,-2818.364154
111,0.933298,0.0667023,1.40631,40.8602,0.1,0.996725,0.1,-2818.364154
112,0.933794,0.0669517,1.41761,41.1884,0.1,0.996738,0.1,-2818.364154
113,0.933298,0.0667023,1.40631,40.8602,0.1,0.996725,0.1,-2818.364154
114,0.933794,0.0669517,1.41761,41.1884,0.1,0.996738,0.1,-2818.364154
115,0.933298,0.0667023,1.40631,40.8602,0.1,0.996725,0.1,-2818.364154
116,0.933794,0.0669517,1.41761,41.1884,0.1,0.996738,0.1,-2818.364154
117,0.933298,0.0667023,1.40631,40.8602,0.1,0.996725,0.1,-2818.364154
118,0.933794,0.0669517,1.41761,41.1884,0.1,0.996738,0.1,-2818.364154
119,0.933298,0.0667023,1.40631,40.8602,0.1,0.996725,0.1,-2818.364154
120,0.933794,0.0669517,1.41761,41.1884,0.1,0.996738,0.1,-2818.364154
121,0.933298,0.0667023,1.40631,40.8602,0.1,0.996725,0.1,-2818.364154
122,0.933794,0.0669517,1.41761,41.1884,0.1,0.996738,0.1,-2818.364154
123,0.933298,0.0667023,1.40631,40.8602,0.1,0.996725,0.1,-2818.364154
124,0.933794,0.0669517,1.41761,41.1884,0.1,0.996738,0.1,-2818.364154
125,0.933298,0.0667023,1.40631,40.8602,0.1,0.996725,0.1,-2818.364154
126,0.933794,0.0669517,1.41761,41.1884,0.1,0.996738,0.1,-2818.364154
127,0.933298,0.0667023,1.40631,40.8602,0.1,0.996725,0.1,-2818.364154
128,0.933794,0.0669517,1.41761,41.1884,0.1,0.996738,0.1,-2818.364154
129,0.933298,0.0667023,1.40631,40.8602,0.1,0.996725,0.1,-2818.364154
130,0.933794,0.0669517,1.41761,41.1884,0.1,0.996738,0.1,-2818.364154
131,0.933298,0.0667023,1.40631,40.8602,0.1,0.996725,0.1,-2818.364154
132,0.933794,0.0669517,1.41761,41.1884,0.1,0.996738,0.1,-2818.364154
133,0.933298,0.0667023,1.40631,40.8602,0.1,0.996725,0.1,-2818.364154
134,0.933794,0.0669517,1.41761,41.1884,0.1,0.996738,0.1,-2818.364154
135,0.933298,0.0667023,1.40631,40.8602,0.1,0.996725,0.1,-2818.364154
136,0.933794,0.0669517,1.41761,41.1884,0.1,0.996738,0.1,-2818.364154
137,0.933298,0.0667023,1.40631,40.8602,0.1,0.996725,0.1,-2818.364154
138,0.933794,0.0669517,1.41761,41.1884,0.1,0.996738,0.1,-2818.364154
139,0.933298,0.0667023,1.40631,40.8602,0.1,0.996725,0.1,-2818.364154
140,0.933794,0.0669517,1.41761,41.1884,0.1,0.996738,0.1,-2818.364154
141,0.933298,0.0667023,1.40631,40.8602,0.1,0.996725,0.1,-2818.364154
142,0.933794,0.0669517,1.41761,41.1884,0.1,0.996738,0.1,-2818.364154
143,0.933298,0.0667023,1.40631,40.8602,0.1,0.996725,0.1,-2818.364154
144,0.933794,0.0669517,1.41761,41.1884,0.1,0.996738,0.1,-2818.364154
145,0.933298,0.0667023,1.40631,40.8602,0.1,0.996725,0.1,-2818.364154
146,0.933794,0.0669517,1.41761,41.1884,0.1,0.996738,0.1,-2818.364154
147,0.933298,0.0667023,1.40631,40.8602,0.1,0.996725,0.1,-2818.364154
148,0.933794,0.0669517,1.41761,41.1884,0.1,0.996738,0.1,-2818.364154
149,0.933298,0.0667023,1.40631,40.8602,0.1,0.996725,0.1,-2818.364154
150,0.933794,0.0669517,1.41761,41.1884,0.1,0.996738,0.1,-2818.364154
151,0.933298,0.0667023,1.40631,40.8602,0.1,0.996725,0.1,-2818.364154
152,0.933794,0.0669517,1.41761,41.1884,0.1,0.996738,0.1,-2818.364154
153,0.933298,0.0667023,1.40631,40.8602,0.1,0.996725,0.1,-2818.364154
154,0.933794,0.0669517,1.41761,41.1884,0.1,0.996738,0.1,-2818.364154
155,0.933298,0.0667023,1.40631,40.8602,0.1,0.996725,0.1,-2818.364154
156,0.933794,0.0669517,1.41761,41.1884,0.1,0.996738,0.1,-2818.364154
157,0.933298,0.0667023,1.40631,40.8602,0.1,0.996725,0.1,-2818.364154
158,0.933794,0.0669517,1.41761,41.1884,0.1,0.996738,0.1,-2818.364154
159,0.933298,0.0667023,1.40631,40.8602,0.1,0.996725,0.1,-2818.364154
160,0.933794,0.0669517,1.41761,41.1884,0.1,0.996738,0.1,-2818.364154
161,0.933298,0.0667023,1.40631,40.8602,0.1,0.996725,0.1,-2818.364154
162,0.933794,0.0669517,1.41761,41.1884,0.1,0.996738,0.1,-2818.364154
163,0.933298,0.0667023,1.40631,40.8602,0.1,0.996725,0.1,-2818.364154
164,0.933794,0.0669517,1.41761,41.1884,0.1,0.996738,0.1,-2818.364154
165,0.933298,0.0667023,1.40631,40.8602,0.1,0.996725,0.1,-2818.364154
166,0.933794,0.0669517,1.41761,41.1884,0.1,0.996738,0.1,-2818.364154
167,0.933298,0.0667023,1.40631,40.8602,0.1,0.996725,0.1,-2818.364154
168,0.933794,0.0669517,1.41761,41.1884,0.1,0.996738,0.1,-2818.364154
169,0.933298,0.0667023,1.40631,40.8602,0.1,0.996725,0.1,-2818.364154
170,0.933794,0.0669517,1.41761,41.1884,0.1,0.996738,0.1,-2818.364154
171,0.933298,0.0667023,1.40631,40.8602,0.1,0.996725,0.1,-2818.364154
172,0.933794,0.0669517,1.41761,41.1884,0.1,0.996738,0.1,-2818.364154
173,0.933298,0.0667023,1.40631,40.8602,0.1,0.996725,0.1,-2818.364154
174,0.933794,0.0669517,1.41761,41.1884,0.1,0.996738,0.1,-2818.364154
175,0.933298,0.0667023,1.40631,40.8602,0.1,0.996725,0.1,-2818.364154
176,0.933794,0.0669517,1.41761,41.1884,0.1,0.996738,0.1,-2818.364154
177,0.933298,0.0667023,1.40631,40.8602,0.1,0.996725,0.1,-2818.364154
178,0.933794,0.0669517,1.41761,41.1884,0.1,0.996738,0.1,-2818.364154
179,0.933298,0.0667023,1.40631,40.8602,0.1,0.996725,0.1,-2818.364154
180,0.933794,0.0669517,1.41761,41.1884,0.1,0.996738,0.1,-2818.364154
181,0.933298,0.0667023,1.40631,40.8602,0.1,0.996725,0.1,-2818.364154
182,0.933794,0.0669517,1.41761,41.1884,0.1,0.996738,0.1,-2818.364154
183,0.933298,0.0667023,1.40631,40.8602,0.1,0.996725,0.1,-2818.364154
184,0.933794,0.0669517,1.41761,41.1884,0.1,0.996738,0.1,-2818.364154
185,0.933298,0.0667023,1.40631,40.8602,0.1,0.996725,0.1,-2818.364154
186,0.933794,0.0669517,1.41761,41.1884,0.1,0.996738,0.1,-2818.364154
187,0.933298,0.0667023,1.40631,40.8602,0.1,0.996725,0.1,-2818.364154
188,0.933794,0.0669517,1.41761,41.1884,0.1,0.996738,0.1,-2818.364154
189,0.933298,0.0667023,1.40631,40.8602,0.1,0.996725,0.1,-2818.364154
190,0.933794,0.0669517,1.41761,41.1884,0.1,0.996738,0.1,-2818.364154
191,0.933298,0.0667023,1.40631,40.8602,0.1,0.996725,0.1,-2818.364154
192,0.933794,0.0669517,1.41761,41.1884,0.1,0.996738,0.1,-2818.364154
193,0.933298,0.0667023,1.40631,40.8602,0.1,0.996725,0.1,-2818.364154
194,0.933794,0.0669517,1.41761,41.1884,0.1,0.996738,0.1,-2818.364154
195,0.933298,0.0667023,1.40631,40.8602,0.1,0.996725,0.1,-2818.364154
196,0.933794,0.0669517,1.41761,41.1884,0.1,0.996738,0.1,-2818.364154
197,0.933298,0.0667023,1.40631,40.8602,0.1,0.996725,0.1,-2818.364154
198,0.933794,0.0669517,1.41761,41.1884,0.1,0.996738,0.1,-2818.364154
199,0.933298,0.0667023,1.40631,40.8602,0.1,0.996725,0.1,-2818.364154
200,0.933794,0.0669517,1.41761,41.1884,0.1,0.996738,0.1,-2818.364154
201,0.933298,0.0667023,1.40631,40.8602,0.1,0.996725,0.1,-2818.364154
202,0.933794,0.0669517,1.41761,41.1884,0.1,0.996738,0.1,-2818.364154
203,0.933298,0.0667023,1.40631,40.8602,0.1,0.996725,0.1,-2818.364154
204,0.933794,0.0669517,1.41761,41.1884,0.1,0.996738,0.1,-2818.364154
205,0.933298,0.0667023,1.40631,40.8602,0.1,0.996725,0.1,-2818.364154
206,0.933794,0.0669517,1.41761,41.1884,0.1,0.996738,0.1,-2818.364154
207,0.933298,0.0667023,1.40631,40.8602,0.1,0.996725,0.1,-2818.364154
208,0.933794,0.0669517,1.41761,41.1884,0.1,0.996738,0.1,-2818.364154
209,0.933298,0.0667023,1.40631,40.8602,0.1,0.996725,0.1,-2818.364154
210,0.933794,0.0669517,1.41761,41.1884,0.1,0.996738,0.1,-2818.364154
211,0.933298,0.0667023,1.40631,40.8602,0.1,0.996725,0.1,-2818.364154
212,0.933794,0.0669517,1.41761,41.1884,0.1,0.996738,0.1,-2818.364154
213,0.933298,0.0667023,1.40631,40.8602,0.1,0.996725,0.1,-2818.364154
214,0.933794,0.0669517,1.41761,41.1884,0.1,0.996738,0.1,-2818.364154
215,0.933298,0.0667023,1.40631,40.8602,0.1,0.996725,0.1,-2818.364154
216,0.933794,0.0669517,1.41761,41.1884,0.1,0.996738,0.1,-2818.364154
217,0.933298,0.0667023,1.40631,40.8602,0.1,0.996725,0.1,-2818.364154
218,0.933794,0.0669517,1.41761,41.1884,0.1,0.996738,0.1,-2818.364154
219,0.933298,0.0667023,1.40631,40.8602,0.1,0.996725,0.1,-2818.364154
220,0.933794,0.0669517,1.41761,41.1884,0.1,0.996738,0.1,-2818.364154
221,0.933298,0.0667023,1.40631,40.8602,0.1,0.996725,0.1,-2818.364154
222,0.933794,0.0669517,1.41761,41.1884,0.1,0.996738,0.1,-2818.364154
223,0.933298,0.0667023,1.40631,40.8602,0.1,0.996725,0.1,-2818.364154
224,0.933794,0.0669517,1.41761,41.1884,0.1,0.996738,0.1,-2818.364154
225,0.933298,0.0667023,1.40631,40.8602,0.1,0.996725,0.1,-2818.364154
226,0.933794,0.0669517,1.41761,41.1884,0.1,0.996738,0.1,-2818.364154
227,0.933298,0.0667023,1.40631,40.8602,0.1,0.996725,0.1,-2818.364154
228,0.933794,0.0669517,1.41761,41.1884,0.1,0.996738,0.1,-2818.364154
229,0.933298,0.0667023,1.40631,40.8602,0.1,0.996725,0.1,-2818.364154
230,0.933794,0.0669517,1.41761,41.1884,0.1,0.996738,0.1,-2818.364154
231,0.933298,0.0667023,1.40631,40.8602,0.1,0.996725,0.1,-2818.364154
232,0.933794,0.0669517,1.41761,41.1884,0.1,0.996738,0.1,-2818.364154
233,0.933298,0.0667023,1.40631,40.8602,0.1,0.996725,0.1,-2818.364154
234,0.933794,0.0669517,1.41761,41.1884,0.1,0.996738,0.1,-2818.364154
235,0.933298,0.0667023,1.40631,40.8602,0.1,0.996725,0.1,-2818.364154
236,0.933794,0.0669517,1.41761,41.1884,0.1,0.996738,0.1,-2818.364154
237,0.933298,0.0667023,1.40631,40.8602,0.1,0.996725,0.1,-2818.364154
238,0.933794,0.0669517,1.41761,41.1884,0.1,0.996738,0.1,-2818.364154
239,0.933298,0.0667023,1.40631,40.8602,0.1,0.996725,0.1,-2818.364154
240,0.933794,0.0669517,1.41761,41.1884,0.1,0.996738,0.1,-2818.364154
241,0.933298,0.0667023,1.40631,40.8602,0.1,0.996725,0.1,-2818.364154
242,0.933794,0.0669517,1.41761,41.1884,0.1,0.996738,0.1,-2818.364154
243,0.933298,0.0667023,1.40631,40.8602,0.1,0.996725,0.1,-2818.364154
244,0.933794,0.0669517,1.41761,41.1884,0.1,0.996738,0.1,-2818.364154
245,0.933298,0.0667023,1.40631,40.8602,0.1,0.996725,0.1,-2818.364154
246,0.933794,0.0669517,1.41761,41.1884,0.1,0.996738,0.1,-2818.364154
247,0.933298,0.0667023,1.40631,40.8602,0.1,0.996725,0.1,-2818.364154
248,0.933794,0.0669517,1.41761,41.1884,0.1,0.996738,0.1,-2818.364154
249,0.933298,0.0667023,1.40631,40.8602,0.1,0.996725,0.1,-2818.364154
250,0.933794,0.0669517,1.41761,41.1884,0.1,0.996738,0.1,-2818.364154
251,0.933298,0.0667023,1.40631,40.8602,0.1,0.996725,0.1,-2818.364154
252,0.933794,0.0669517,1.41761,41.1884,0.1,0.996738,0.1,-2818.364154
253,0.933298,0.0667023,1.40631,40.8602,0.1,0.996725,0.1,-2818.364154
254,0.933794,0.0669517,1.41761,41.1884,0.1,0.996738,0.1,-2818.364154
255,0.933298,0.0667023,1.40631,40.8602,0.1,0.996725,0.1,-2818.364154
256,0.933794,0.0669517,1.41761,41.1884,0.1,0.996738,0.1,-2818.364154
257,0.933298,0.0667023,1.40631,40.8602,0.1,0.996725,0.1,-2818.364154
258,0.933794,0.0669517,1.41761,41.1884,0.1,0.996738,0.1,-2818.364154
259,0.933298,0.0667023,1.40631,40.8602,0.1,0.996725,0.1,-2818.364154
260,0.933794,0.0669517,1.41761,41.1884,0.1,0.996738,0.1,-2818.364154
261,0.933298,0.0667023,1.40631,40.8602,0.1,0.996725,0.1,-2818.364154
262,0.933794,0.0669517,1.41761,41.1884,0.1,0.996738,0.1,-2818.364154
263,0.933298,0.0667023,1.40631,40.8602,0.1,0.996725,0.1,-2818.364154
264,0.933794,0.0669517,1.41761,41.1884,0.1,0.996738,0.1,-2818.364154
265,0.933298,0.0667023,1.40631,40.8602,0.1,0.996725,0.1,-2818.364154
266,0.933794,0.0669517,1.41761,41.1884,0.1,0.996738,0.1,-2818.364154
267,0.933298,0.0667023,1.40631,40.8602,0.1,0.996725,0.1,-2818.364154
268,0.933794,0.0669517,1.41761,41.1884,0.1,0.996738,0.1,-2818.364154
269,0.933298,0.0667023,1.40631,40.8602,0.1,0.996725,0.1,-2818.364154
270,0.933794,0.0669517,1.41761,41.1884,0.1,0.996738,0.1,-2818.364154
271,0.933298,0.0667023,1.40631,40.8602,0.1,0.996725,0.1,-2818.364154
272,0.933794,0.0669517,1.41761,41.1884,0.1,0.996738,0.1,-2818.364154
273,0.933298,0.0667023,1.40631,40.8602,0.1,0.996725,0.1,-2818.364154
274,0.933794,0.0669517,1.41761,41.1884,0.1,0.996738,0.1,-2818.364154
275,0.933298,0.0667023,1.40631,40.8602,0.1,0.996725,0.1,-2818.364154
276,0.933794,0.0669517,1.41761,41.1884,0.1,0.996738,0.1,-2818.364154
277,0.933298,0.0667023,1.40631,40.8602,0.1,0.996725,0.1,-2818.364154
278,0.933794,0.0669517,1.41761,41.1884,0.1,0.996738,0.1,-2818.364154
279,0.933298,0.0667023,1.40631,40.8602,0.1,0.996725,0.1,-2818.364154
280,0.933794,0.0669517,1.41761,41.1884,0.1,0.996738,0.1,-2818.364154
281,0.933298,0.0667023,1.40631,40.8602,0.1,0.996725,0.1,-2818.364154
282,0.933794,0.0669517,1.41761,41.1884,0.1,0.996738,0.1,-2818.364154
283,0.933298,0.0667023,1.40631,40.8602,0.1,0.996725,0.1,-2818.364154
284,0.933794,0.0669517,1.41761,41.1884,0.1,0.996738,0.1,-2818.364154
285,0.933298,0.0667023,1.40631,40.8602,0.1,0.996725,0.1,-2818.364154
286,0.933794,0.0669517,1.41761,41.1884,0.1,0.996738,0.1,-2818.364154
287,0.933298,0.0667023,1.40631,40.8602,0.1,0.996725,0.1,-2818.364154
288,0.933794,0.0669517,1.41761,41.1884,0.1,0.996738,0.1,-2818.364154
289,0.933298,0.0667023,1.40631,40.8602,0.1,0.996725,0.1,-2818.364154
290,0.933794,0.0669517,1.41761,41.1884,0.1,0.996738,0.1,-2818.364154
291,0.933298,0.0667023,1.40631,40.8602,0.1,0.996725,0.1,-2818.364154
292,0.933794,0.0669517,1.41761,41.1884,0.1,0.996738,0.1,-2818.364154
293,0.933298,0.0667023,1.40631,40.8602,0.1,0.996725,0.1,-2818.364154
294,0.933794,0.0669517,1.41761,41.1884,0.1,0.996738,0.1,-2818.364154
295,0.933298,0.0667023,1.40631,40.8602,0.1,0.996725,0.1,-2818.364154
296,0.933794,0.0669517,1.41761,41.1884,0.1,0.996738,0.1,-2818.364154
297,0.933298,0.0667023,1.40631,40.8602,0.1,0.996725,0.1,-2818.364154
298,0.933794,0.0669517,1.41761,41.1884,0.1,0.996738,0.1,-2818.364154
299,0.933298,0.0667023,1.40631,40.8602,0.1,0.996725,0.1,-2818.364154
300,0.933794,0.0669517,1.41761,41.1884,0.1,0.996738,0.1,-2818.364154
301,0.933298,0.0667023,1.40631,40.8602,0.1,0.996725,0.1,-2818.364154
302,0.933794,0.0669517,1.41761,41.1884,0.1,0.996738,0.1,-2818.364154
303,0.933298,0.0667023,1.40631,40.8602,0.1,0.996725,0.1,-2818.364154
304,0.933794,0.0669517,1.41761,41.1884,0.1,0.996738,0.1,-2818.364154
305,0.933298,0.0667023,1.40631,40.8602,0.1,0.996725,0.1,-2818.364154
306,0.933794,0.0669517,1.41761,41.1884,0.1,0.996738,0.1,-2818.364154
307,0.933298,0.0667023,1.40631,40.8602,0.1,0.996725,0.1,-2818.364154
308,0.933794,0.0669517,1.41761,41.1884,0.1,0.996738,0.1,-2818.364154
309,0.933298,0.0667023,1.40631,40.8602,0.1,0.996725,0.1,-2818.364154
310,0.933794,0.0669517,1.41761,41.1884,0.1,0.996738,0.1,-2818.364154
311,0.933298,0.0667023,1.40631,40.8602,0.1,0.996725,0.1,-2818.364154
312,0.933794,0.0669517,1.41761,41.1884,0.1,0.996738,0.1,-2818.364154
313,0.933298,0.0667023,1.40631,40.8602,0.1,0.996725,0.1,-2818.364154
314,0.933794,0.0669517,1.41761,41.1884,0.1,0.996738,0.1,-2818.364154
315,0.933298,0.0667023,1.40631,40.8602,0.1,0.996725,0.1,-2818.364154
316,0.933794,0.0669517,1.41761,41.1884,0.1,0.996738,0.1,-2818.364154
317,0.933298,0.0667023,1.40631,40.8602,0.1,0.996725,0.1,-2818.364154
318,0.933794,0.0669517,1.41761,41.1884,0.1,0.996738,0.1,-2818.364154
319,0.933298,0.0667023,1.40631,40.8602,0.1,0.996725,0.1,-2818.364154
320,0.933794,0.0669517,1.41761,41.1884,0.1,0.996738,0.1,-2818.364154
321,0.933298,0.0667023,1.40631,40.8602,0.1,0.996725,0.1,-2818.364154
322,0.933794,0.0669517,1.41761,41.1884,0.1,0.996738,0.1,-2818.364154
323,0.933298,0.0667023,1.40631,40.8602,0.1,0.996725,0.1,-2818.364154
324,0.933794,0.0669517,1.41761,41.1884,0.1,0.996738,0.1,-2818.364154
325,0.933298,0.0667023,1.40631,40.8602,0.1,0.996725,0.1,-2818.364154
326,0.933794,0.0669517,1.41761,41.1884,0.1,0.996738,0.1,-2818.364154
327,0.933298,0.0667023,1.40631,40.8602,0.1,0.996725,0.1,-2818.364154
328,0.933794,0.0669517,1.41761,41.1884,0.1,0.996738,0.1,-2818.364154
329,0.933298,0.0667023,1.40631,40.8602,0.1,0.996725,0.1,-2818.364154
330,0.933794,0.0669517,1.41761,41.1884,0.1,0.996738,0.1,-2818.364154
331,0.933298,0.0667023,1.40631,40.8602,0.1,0.996725,0.1,-2818.364154
332,0.933794,0.0669517,1.41761,41.1884,0.1,0.996738,0.1,-2818.364154
333,0.933298,0.0667023,1.40631,40.8602,0.1,0.996725,0.1,-2818.364154
334,0.933794,0.0669517,1.41761,41.1884,0.1,0.996738,0.1,-2818.364154
335,0.933298,0.0667023,1.40631,40.8602,0.1,0.996725,0.1,-2818.364154
336,0.933794,0.0669517,1.41761,41.1884,0.1,0.996738,0.1,-2818.364154
337,0.933298,0.0667023,1.40631,40.8602,0.1,0.996725,0.1,-2818.364154
338,0.933794,0.0669517,1.41761,41.1884,0.1,0.996738,0.1,-2818.364154
339,0.933298,0.0667023,1.40631,40.8602,0.1,0.996725,0.1,-2818.364154
340,0.933794,0.0669517,1.41761,41.1884,0.1,0.996738,0.1,-2818.364154
341,0.933298,0.0667023,1.40631,40.8602,0.1,0.996725,0.1,-2818.364154
342,0.933794,0.0669517,1.41761,41.1884,0.1,0.996738,0.1,-2818.364154
343,0.933298,0.0667023,1.40631,40.8602,0.1,0.996725,0.1,-2818.364154
344,0.933794,0.0669517,1.41761,41.1884,0.1,0.996738,0.1,-2818.364154
345,0.933298,0.0667023,1.40631,40.8602,0.1,0.996725,0.1,-2818.364154
346,0.933794,0.0669517,1.41761,41.1884,0.1,0.996738,0.1,-2818.364154
347,0.933298,0.0667023,1.40631,40.8602,0.1,0.996725,0.1,-2818.364154
348,0.933794,0.0669517,1.41761,41.1884,0.1,0.996738,0.1,-2818.364154
349,0.933298,0.0667023,1.40631,40.8602,0.1,0.996725,0.1,-2818.364154
350,0.933794,0.0669517,1.41761,41.1884,0.1,0.996738,0.1,-2818.364154
351,0.933298,0.0667023,1.40631,40.8602,0.1,0.996725,0.1,-2818.364154
352,0.933794,0.0669517,1.41761,41.1884,0.1,0.996738,0.1,-2818.364154
353,0.933298,0.0667023,1.40631,40.8602,0.1,0.996725,0.1,-2818.364154
354,0.933794,0.0669517,1.41761,41.1884,0.1,0.996738,0.1,-2818.364154
355,0.933298,0.0667023,1.40631,40.8602,0.1,0.996725,0.1,-2818.364154
356,0.933794,0.0669517,1.41761,41.1884,0.1,0.996738,0.1,-2818.364154
357,0.933298,0.0667023,1.40631,40.8602,0.1,0.996725,0.1,-2818.364154
358,0.933794,0.0669517,1.41761,41.1884,0.1,0.996738,0.1,-2818.364154
359,0.933298,0.0667023,1.40631,40.8602,0.1,0.996725,0.1,-2818.364154
360,0.933794,0.0669517,1.41761,41.1884,0.1,0.996738,0.1,-2818.364154
361,0.933298,0.0667023,1.40631,40.8602,0.1,0.996725,0.1,-2818.364154
362,0.933794,0.0669517,1.41761,41.1884,0.1,0.996738,0.1,-2818.364154
363,0.933298,0.0667023,1.40631,40.8602,0.1,0.996725,0.1,-2818.364154
364,0.933794,0.0669517,1.41761,41.1884,0.1,0.996738,0.1,-2818.364154
365,0.933298,0.0667023,1.40631,40.8602,0.1,0.996725,0.1,-2818.364154
366,0.933794,0.0669517,1.41761,41.1884,0.1,0.996738,0.1,-2818.364154
367,0.933298,0.0667023,1.40631,40.8602,0.1,0.996725,0.1,-2818.364154
368,0.933794,0.0669517,1.41761,41.1884,0.1,0.996738,0.1,-2818.364154
369,0.933298,0.0667023,1.40631,40.8602,0.1,0.996725,0.1,-2818.364154
370,0.933794,0.0669517,1.41761,41.1884,0.1,0.996738,0.1,-2818.364154
371,0.933298,0.0667023,1.40631,40.8602,0.1,0.996725,0.1,-2818.364154
372,0.933794,0.0669517,1.41761,41.1884,0.1,0.996738,0.1,-2818.364154
373,0.933298,0.0667023,1.40631,40.8602,0.1,0.996725,0.1,-2818.364154
374,0.933794,0.0669517,1.41761,41.1884,0.1,0.996738,0.1,-2818.364154
375,0.933298,0.0667023,1.40631,40.8602,0.1,0.996725,0.1,-2818.364154
376,0.933794,0.0669517,1.41761,41.1884,0.1,0.996738,0.1,-2818.364154
377,0.933298,0.0667023,1.40631,40.8602,0.1,0.996725,0.1,-2818.364154
378,0.933794,0.0669517,1.41761,41.1884,0.1,0.996738,0.1,-2818.364154
379,0.933298,0.0667023,1.40631,40.8602,0.1,0.996725,0.1,-2818.364154
380,0.933794,0.0669517,1.41761,41.1884,0.1,0.996738,0.1,-2818.364154
381,0.933298,0.0667023,1.40631,40.8602,0.1,0.996725,0.1,-2818.364154
382,0.933794,0.0669517,1.41761,41.1884,0.1,0.996738,0.1,-2818.364154
383,0.933298,0.0667023,1.40631,40.8602,0.1,0.996725,0.1,-2818.364154
384,0.933794,0.0669517,1.41761,41.1884,0.1,0.996738,0.1,-2818.364154
385,0.933298,0.0667023,1.40631,40.8602,0.1,0.996725,0.1,-2818.364154
386,0.933794,0.0669517,1.41761,41.1884,0.1,0.996738,0.1,-2818.364154
387,0.933298,0.0667023,1.40631,40.8602,0.1,0.996725,0.1,-2818.364154
388,0.933794,0.0669517,1.41761,41.1884,0.1,0.996738,0.1,-2818.364154
389,0.933298,0.0667023,1.40631,40.8602,0.1,0.996725,0.1,-2818.364154
390,0.933794,0.0669517,1.41761,41.1884,0.1,0.996738,0.1,-2818.364154
391,0.933298,0.0667023,1.40631,40.8602,0.1,0.996725,0.1,-2818.364154
392,0.933794,0.0669517,1.41761,41.1884,0.1,0.996738,0.1,-2818.364154
393,0.933298,0.0667023,1.40631,40.8602,0.1,0.996725,0.1,-2818.364154
394,0.933794,0.0669517,1.41761,41.1884,0.1,0.996738,0.1,-2818.364154
395,0.933298,0.0667023,1.40631,40.8602,0.1,0.996725,0.1,-2818.364154
396,0.933794,0.0669517,1.41761,41.1884,0.1,0.996738,0.1,-2818.364154
397,0.933298,0.0667023,1.40631,40.8602,0.1,0.996725,0.1,-2818.364154
398,0.933794,0.0669517,1.41761,41.1884,0.1,0.996738,0.1,-2818.364154
399,0.933298,0.0667023,1.40631,40.8602,0.1,0.996725,0.1,-2818.364154
400,0.933794,0.0669517,1.41761,41.1884,0.1,0.996738,0.1,-2818.364154
401,0.933298,0.0667023,1.40631,40.8602,0.1,0.996725,0.1,-2818.364154
402,0.933794,0.0669517,1.41761,41.1884,0.1,0.996738,0.1,-2818.364154
403,0.933298,0.0667023,1.40631,40.8602,0.1,0.996725,0.1,-2818.364154
404,0.933794,0.0669517,1.41761,41.1884,0.1,0.996738,0.1,-2818.364154
405,0.933298,0.0667023,1.40631,40.8602,0.1,0.996725,0.1,-2818.364154
406,0.933794,0.0669517,1.41761,41.1884,0.1,0.996738,0.1,-2818.364154
407,0.933298,0.0667023,1.40631,40.8602,0.1,0.996725,0.1,-2818.364154
408,0.933794,0.0669517,1.41761,41.1884,0.1,0.996738,0.1,-2818.364154
409,0.933298,0.0667023,1.40631,40.8602,0.1,0.996725,0.1,-2818.364154
410,0.933794,0.0669517,1.41761,41.1884,0.1,0.996738,0.1,-2818.364154
411,0.933298,0.0667023,1.40631,40.8602,0.1,0.996725,0.1,-2818.364154
412,0.933794,0.0669517,1.41761,41.1884,0.1,0.996738,0.1,-2818.364154
413,0.933298,0.0667023,1.40631,40.8602,0.1,0.996725,0.1,-2818.364154
414,0.933794,0.0669517,1.41761,41.1884,0.1,0.996738,0.1,-2818.364154
415,0.933298,0.0667023,1.40631,40.8602,0.1,0.996725,0.1,-2818.364154
416,0.933794,0.0669517,1.41761,41.1884,0.1,0.996738,0.1,-2818.364154
417,0.933298,0.0667023,1.40631,40.8602,0.1,0.996725,0.1,-2818.364154
418,0.933794,0.0669517,1.41761,41.1884,0.1,0.996738,0.1,-2818.364154
419,0.933298,0.0667023,1.40631,40.8602,0.1,0.996725,0.1,-2818.364154
420,0.933794,0.0669517,1.41761,41.1884,0.1,0.996738,0.1,-2818.364154
421,0.933298,0.0667023,1.40631,40.8602,0.1,0.996725,0.1,-2818.364154
422,0.933794,0.0669517,1.41761,41.1884,0.1,0.996738,0.1,-2818.364154
423,0.933298,0.0667023,1.40631,40.8602,0.1,0.996725,0.1,-2818.364154
424,0.933794,0.0669517,1.41761,41.1884,0.1,0.996738,0.1,-2818.364154
425,0.933298,0.0667023,1.40631,40.8602,0.1,0.996725,0.1,-2818.364154
426,0.933794,0.0669517,1.41761,41.1884,0.1,0.996738,0.1,-2818.364154
427,0.933298,0.0667023,1.40631,40.8602,0.1,0.996725,0.1,-2818.364154
428,0.933794,0.0669517,1.41761,41.1884,0.1,0.996738,0.1,-2818.364154
429,0.933298,0.0667023,1.40631,40.8602,0.1,0.996725,0.1,-2818.364154
430,0.933794,0.0669517,1.41761,41.1884,0.1,0.996738,0.1,-2818.364154
431,0.933298,0.0667023,1.40631,40.8602,0.1,0.996725,0.1,-2818.364154
432,0.933794,0.0669517,1.41761,41.1884,0.1,0.996738,0.1,-2818.364154
433,0.933298,0.0667023,1.40631,40.8602,0.1,0.996725,0.1,-2818.364154
434,0.933794,0.0669517,1.41761,41.1884,0.1,0.996738,0.1,-2818.364154
435,0.933298,0.0667023,1.40631,40.8602,0.1,0.996725,0.1,-2818.364154
436,0.933794,0.0669517,1.41761,41.1884,0.1,0.996738,0.1,-2818.364154
437,0.933298,0.0667023,1.40631,40.8602,0.1,0.996725,0.1,-2818.364154
438,0.933794,0.0669517,1.41761,41.1884,0.1,0.996738,0.1,-2818.364154
439,0.933298,0.0667023,1.40631,40.8602,0.1,0.996725,0.1,-2818.364154
440,0.933794,0.0669517,1.41761,41.1884,0.1,0.996738,0.1,-2818.364154
441,0.933298,0.0667023,1.40631,40.8602,0.1,0.996725,0.1,-2818.364154
442,0.933794,0.0669517,1.41761,41.1884,0.1,0.996738,0.1,-2818.364154
443,0.933298,0.0667023,1.40631,40.8602,0.1,0.996725,0.1,-2818.364154
444,0.933794,0.0669517,1.41761,41.1884,0.1,0.996738,0.1,-2818.364154
445,0.933298,0.0667023,1.40631,40.8602,0.1,0.996725,0.1,-2818.364154
446,0.933794,0.0669517,1.41761,41.1884,0.1,0.996738,0.1,-2818.364154
447,0.933298,0.0667023,1.40631,40.8602,0.1,0.996725,0.1,-2818.364154
448,0.933794,0.0669517,1.41761,41.1884,0.1,0.996738,0.1,-2818.364154
449,0.933298,0.0667023,1.40631,40.8602,0.1,0.996725,0.1,-2818.364154
450,0.933794,0.0669517,1.41761,41.1884,0.1,0.996738,0.1,-2818.364154
451,0.933298,0.0667023,1.40631,40.8602,0.1,0.996725,0.1,-2818.364154
452,0.933794,0.0669517,1.41761,41.1884,0.1,0.996738,0.1,-2818.364154
453,0.933298,0.0667023,1.40631,40.8602,0.1,0.996725,0.1,-2818.364154
454,0.933794,0.0669517,1.41761,41.1884,0.1,0.996738,0.1,-2818.364154
455,0.933298,0.0667023,1.40631,40.8602,0.1,0.996725,0.1,-2818.364154
456,0.933794,0.0669517,1.41761,41.1884,0.1,0.996738,0.1,-2818.364154
457,0.933298,0.0667023,1.40631,40.8602,0.1,0.996725,0.1,-2818.364154
458,0.933794,0.0669517,1.41761,41.1884,0.1,0.996738,0.1,-2818.364154
459,0.933298,0.0667023,1.40631,40.8602,0.1,0.996725,0.1,-2818.364154
460,0.933794,0.0669517,1.41761,41.1884,0.1,0.996738,0.1,-2818.364154
461,0.933298,0.0667023,1.40631,40.8602,0.1,0.996725,0.1,-2818.364154
462,0.933794,0.0669517,1.41761,41.1884,0.1,0.996738,0.1,-2818.364154
463,0.933298,0.0667023,1.40631,40.8602,0.1,0.996725,0.1,-2818.364154
464,0.933794,0.0669517,1.41761,41.1884,0.1,0.996738,0.1,-2818.364154
465,0.933298,0.0667023,1.40631,40.8602,0.1,0.996725,0.1,-2818.364154
466,0.933794,0.0669517,1.41761,41.1884,0.1,0.996738,0.1,-2818.364154
467,0.933298,0.0667023,1.40631,40.8602,0.1,0.996725,0.1,-2818.364154
468,0.933794,0.0669517,1.41761,41.1884,0.1,0.996738,0.1,-2818.364154
469,0.933298,0.0667023,1.40631,40.8602,0.1,0.996725,0.1,-2818.364154
470,0.933794,0.0669517,1.41761,41.1884,0.1,0.996738,0.1,-2818.364154
471,0.933298,0.0667023,1.40631,40.8602,0.1,0.996725,0.1,-2818.364154
472,0.933794,0.0669517,1.41761,41.1884,0.1,0.996738,0.1,-2818.364154
473,0.933298,0.0667023,1.40631,40.8602,0.1,0.996725,0.1,-2818.364154
474,0.933794,0.0669517,1.41761,41.1884,0.1,0.996738,0.1,-2818.364154
475,0.933298,0.0667023,1.40631,40.8602,0.1,0.996725,0.1,-2818.364154
476,0.933794,0.0669517,1.41761,41.1884,0.1,0.996738,0.1,-2818.364154
477,0.933298,0.0667023,1.40631,40.8602,0.1,0.996725,0.1,-2818.364154
478,0.933794,0.0669517,1.41761,41.1884,0.1,0.996738,0.1,-2818.364154
479,0.933298,0.0667023,1.40631,40.8602,0.1,0.996725,0.1,-2818.364154
480,0.933794,0.0669517,1.41761,41.1884,0.1,0.996738,0.1,-2818.364154
481,0.933298,0.0667023,1.40631,40.8602,0.1,0.996725,0.1,-2818.364154
482,0.933794,0.0669517,1.41761,41.1884,0.1,0.996738,0.1,-2818.364154
483,0.933298,0.0667023,1.40631,40.8602,0.1,0.996725,0.1,-2818.364154
484,0.933794,0.0669517,1.41761,41.1884,0.1,0.996738,0.1,-2818.364154
485,0.933298,0.0667023,1.40631,40.8602,0.1,0.996725,0.1,-2818.364154
486,0.933794,0.0669517,1.41761,41.1884,0.1,0.996738,0.1,-2818.364154
487,0.933298,0.0667023,1.40631,40.8602,0.1,0.996725,0.1,-2818.364154
488,0.933794,0.0669517,1.41761,41.1884,0.1,0.996738,0.1,-2818.364154
489,0.933298,0.0667023,1.40631,40.8602,0.1,0.996725,0.1,-2818.364154
490,0.933794,0.0669517,1.41761,41.1884,0.1,0.996738,0.1,-2818.364154
491,0.933298,0.0667023,1.40631,40.8602,0.1,0.996725,0.1,-2818.364154
492,0.933794,0.0669517,1.41761,41.1884,0.1,0.996738,0.1,-2818.364154
493,0.933298,0.0667023,1.40631,40.8602,0.1,0.996725,0.1,-2818.364154
494,0.933794,0.0669517,1.41761,41.1884,0.1,0.996738,0.1,-2818.364154
495,0.933298,0.0667023,1.40631,40.8602,0.1,0.996725,0.1,-2818.364154
496,0.933794,0.0669517,1.41761,41.1884,0.1,0.996738,0.1,-2818.364154
497,0.933298,0.0667023,1.40631,40.8602,0.1,0.996725,0.1,-2818.364154
498,0.933794,0.0669517,1.41761,41.1884,0.1,0.996738,0.1,-2818.364154
499,0.933298,0.0667023,1.40631,40.8602,0.1,0.996725,0.1,-2818.364154
500,0.933794,0.0669517,1.41761,41.1884,0.1,0.996738,0.1,-2818.364154
501,0.933298,0.0667023,1.40631,40.8602,0.1,0.996725,0.1,-2818.364154
502,0.933794,0.0669517,1.41761,41.1884,0.1,0.996738,0.1,-2818.364154
503,0.933298,0.0667023,1.40631,40.8602,0.1,0.996725,0.1,-2818.364154
504,0.933794,0.0669517,1.41761,41.1884,0.1,0.996738,0.1,-2818.364154
505,0.933298,0.0667023,1.40631,40.8602,0.1,0.996725,0.1,-2818.364154
506,0.933794,0.0669517,1.41761,41.1884,0.1,0.996738,0.1,-2818.364154
507,0.933298,0.0667023,1.40631,40.8602,0.1,0.996725,0.1,-2818.364154
508,0.933794,0.0669517,1.41761,41.1884,0.1,0.996738,0.1,-2818.364154
509,0.933298,0.0667023,1.40631,40.8602,0.1,0.996725,0.1,-2818.364154
510,0.933794,0.0669517,1.41761,41.1884,0.1,0.996738,0.1,-2818.364154
511,0.933298,0.0667023,1.40631,40.8602,0.1,0.996725,0.1,-2818.364154
512,0.933794,0.0669517,1.41761,41.1884,0.1,0.996738,0.1,-2818.364154
513,0.933298,0.0667023,1.40631,40.8602,0.1,0.996725,0.1,-2818.364154
514,0.933794,0.0669517,1.41761,41.1884,0.1,0.996738,0.1,-2818.364154
515,0.933298,0.0667023,1.40631,40.8602,0.1,0.996725,0.1,-2818.364154
516,0.933794,0.0669517,1.41761,41.1884,0.1,0.996738,0.1,-2818.364154
517,0.933298,0.0667023,1.40631,40.8602,0.1,0.996725,0.1,-2818.364154
518,0.933794,0.0669517,1.41761,41.1884,0.1,0.996738,0.1,-2818.364154
519,0.933298,0.0667023,1.40631,40.8602,0.1,0.996725,0.1,-2818.364154
520,0.933794,0.0669517,1.41761,41.1884,0.1,0.996738,0.1,-2818.364154
521,0.933298,0.0667023,1.40631,40.8602,0.1,0.996725,0.1,-2818.364154
522,0.933794,0.0669517,1.41761,41.1884,0.1,0.996738,0.1,-2818.364154
523,0.933298,0.0667023,1.40631,40.8602,0.1,0.996725,0.1,-2818.364154
524,0.933794,0.0669517,1.41761,41.1884,0.1,0.996738,0.1,-2818.364154
525,0.933298,0.0667023,1.40631,40.8602,0.1,0.996725,0.1,-2818.364154
526,0.933794,0.0669517,1.41761,41.1884,0.1,0.996738,0.1,-2818.364154
527,0.933298,0.0667023,1.40631,40.8602,0.1,0.996725,0.1,-2818.364154
528,0.933794,0.0669517,1.41761,41.1884,0.1,0.996738,0.1,-2818.364154
529,0.933298,0.0667023,1.40631,40.8602,0.1,0.996725,0.1,-2818.364154
530,0.933794,0.0669517,1.41761,41.1884,0.1,0.996738,0.1,-2818.364154
531,0.933298,0.0667023,1.40631,40.8602,0.1,0.996725,0.1,-2818.364154
532,0.933794,0.0669517,1.41761,41.1884,0.1,0.996738,0.1,-2818.364154
533,0.933298,0.0667023,1.40631,40.8602,0.1,0.996725,0.1,-2818.364154
534,0.933794,0.0669517,1.41761,41.1884,0.1,0.996738,0.1,-2818.364154
535,0.933298,0.0667023,1.40631,40.8602,0.1,0.996725,0.1,-2818.364154
536,0.933794,0.0669517,1.41761,41.1884,0.1,0.996738,0.1,-2818.364154
537,0.933298,0.0667023,1.40631,40.8602,0.1,0.996725,0.1,-2818.364154
538,0.933794,0.0669517,1.41761,41.1884,0.1,0.996738,0.1,-2818.364154
539,0.933298,0.0667023,1.40631,40.8602,0.1,0.996725,0.1,-2818.364154
540,0.933794,0.0669517,1.41761,41.1884,0.1,0.996738,0.1,-2818.364154
541,0.933298,0.0667023,1.40631,40.8602,0.1,0.996725,0.1,-2818.364154
542,0.933794,0.0669517,1.41761,41.1884,0.1,0.996738,0.1,-2818.364154
543,0.933298,0.0667023,1.40631,40.8602,0.1,0.996725,0.1,-2818.364154
544,0.933794,0.0669517,1.41761,41.1884,0.1,0.996738,0.1,-2818.364154
545,0.933298,0.0667023,1.40631,40.8602,0.1,0.996725,0.1,-2818.364154
546,0.933794,0.0669517,1.41761,41.1884,0.1,0.996738,0.1,-2818.364154
547,0.933298,0.0667023,1.40631,40.8602,0.1,0.996725,0.1,-2818.364154
548,0.933794,0.0669517,1.41761,41.1884,0.1,0.996738,0.1,-2818.364154
549,0.933298,0.0667023,1.40631,40.8602,0.1,0.996725,0.1,-2818.364154
550,0.933794,0.0669517,1.41761,41.1884,0.1,0.996738,0.1,-2818.364154
551,0.933298,0.0667023,1.40631,40.8602,0.1,0.996725,0.1,-2818.364154
552,0.933794,0.0669517,1.41761,41.1884,0.1,0.996738,0.1,-2818.364154
553,0.933298,0.0667023,1.40631,40.8602,0.1,0.996725,0.1,-2818.364154
554,0.933794,0.0669517,1.41761,41.1884,0.1,0.996738,0.1,-2818.364154
555,0.933298,0.0667023,1.40631,40.8602,0.1,0.996725,0.1,-2818.364154
556,0.933794,0.0669517,1.41761,41.1884,0.1,0.996738,0.1,-2818.364154
557,0.933298,0.0667023,1.40631,40.8602,0.1,0.996725,0.1,-2818.364154
558,0.933794,0.0669517,1.41761,41.1884,0.1,0.996738,0.1,-2818.364154
559,0.933298,0.0667023,1.40631,40.8602,0.1,0.996725,0.1,-2818.364154
560,0.933794,0.0669517,1.41761,41.1884,0.1,0.996738,0.1,-2818.364154
561,0.933298,0.0667023,1.40631,40.8602,0.1,0.996725,0.1,-2818.364154
562,0.933794,0.0669517,1.41761,41.1884,0.1,0.996738,0.1,-2818.364154
563,0.933298,0.0667023,1.40631,40.8602,0.1,0.996725,0.1,-2818.364154
564,0.933794,0.0669517,1.41761,41.1884,0.1,0.996738,0.1,-2818.364154
565,0.933298,0.0667023,1.40631,40.8602,0.1,0.996725,0.1,-2818.364154
566,0.933794,0.0669517,1.41761,41.1884,0.1,0.996738,0.1,-2818.364154
567,0.933298,0.0667023,1.40631,40.8602,0.1,0.996725,0.1,-2818.364154
568,0.933794,0.0669517,1.41761,41.1884,0.1,0.996738,0.1,-2818.364154
569,0.933298,0.0667023,1.40631,40.8602,0.1,0.996725,0.1,-2818.364154
570,0.933794,0.0669517,1.41761,41.1884,0.1,0.996738,0.1,-2818.364154
571,0.933298,0.0667023,1.40631,40.8602,0.1,0.996725,0.1,-2818.364154
572,0.933794,0.0669517,1.41761,41.1884,0.1,0.996738,0.1,-2818.364154
573,0.933298,0.0667023,1.40631,40.8602,0.1,0.996725,0.1,-2818.364154
574,0.933794,0.0669517,1.41761,41.1884,0.1,0.996738,0.1,-2818.364154
575,0.933298,0.0667023,1.40631,40.8602,0.1,0.996725,0.1,-2818.364154
576,0.933794,0.0669517,1.41761,41.1884,0.1,0.996738,0.1,-2818.364154
577,0.933298,0.0667023,1.40631,40.8602,0.1,0.996725,0.1,-2818.364154
578,0.933794,0.0669517,1.41761,41.1884,0.1,0.996738,0.1,-2818.364154
579,0.933298,0.0667023,1.40631,40.8602,0.1,0.996725,0.1,-2818.364154
580,0.933794,0.0669517,1.41761,41.1884,0.1,0.996738,0.1,-2818.364154
581,0.933298,0.0667023,1.40631,40.8602,0.1,0.996725,0.1,-2818.364154
582,0.933794,0.0669517,1.41761,41.1884,0.1,0.996738,0.1,-2818.364154
583,0.933298,0.0667023,1.40631,40.8602,0.1,0.996725,0.1,-2818.364154
584,0.933794,0.0669517,1.41761,41.1884,0.1,0.996738,0.1,-2818.364154
585,0.933298,0.0667023,1.40631,40.8602,0.1,0.996725,0.1,-2818.364154
586,0.933794,0.0669517,1.41761,41.1884,0.1,0.996738,0.1,-2818.364154
587,0.933298,0.0667023,1.40631,40.8602,0.1,0.996725,0.1,-2818.364154
588,0.933794,0.0669517,1.41761,41.1884,0.1,0.996738,0.1,-2818.364154
589,0.933298,0.0667023,1.40631,40.8602,0.1,0.996725,0.1,-2818.364154
590,0.933794,0.0669517,1.41761,41.1884,0.1,0.996738,0.1,-2818.364154
591,0.933298,0.0667023,1.40631,40.8602,0.1,0.996725,0.1,-2818.364154
592,0.933794,0.0669517,1.41761,41.1884,0.1,0.996738,0.1,-2818.364154
593,0.933298,0.0667023,1.40631,40.8602,0.1,0.996725,0.1,-2818.364154
594,0.933794,0.0669517,1.41761,41.1884,0.1,0.996738,0.1,-2818.364154
595,0.933298,0.0667023,1.40631,40.8602,0.1,0.996725,0.1,-2818.364154
596,0.933794,0.0669517,1.41761,41.1884,0.1,0.996738,0.1,-2818.364154
597,0.933298,0.0667023,1.40631,40.8602,0.1,0.996725,0.1,-2818.364154
598,0.933794,0.0669517,1.41761,41.1884,0.1,0.996738,0.1,-2818.364154
599,0.933298,0.0667023,1.40631,40.8602,0.1,0.996725,0.1,-2818.364154
600,0.933794,0.0669517,1.41761,41.1884,0.1,0.996738,0.1,-2818.364154
601,0.933298,0.0667023,1.40631,40.8602,0.1,0.996725,0.1,-2818.364154
602,0.933794,0.0669517,1.41761,41.1884,0.1,0.996738,0.1,-2818.364154
603,0.933298,0.0667023,1.40631,40.8602,0.1,0.996725,0.1,-2818.364154
604,0.933794,0.0669517,1.41761,41.1884,0.1,0.996738,0.1,-2818.364154
605,0.933298,0.0667023,1.40631,40.8602,0.1,0.996725,0.1,-2818.364154
606,0.933794,0.0669517,1.41761,41.1884,0.1,0.996738,0.1,-2818.364154
607,0.933298,0.0667023,1.40631,40.8602,0.1,0.996725,0.1,-2818.364154
608,0.933794,0.0669517,1.41761,41.1884,0.1,0.996738,0.1,-2818.364154
609,0.933298,0.0667023,1.40631,40.8602,0.1,0.996725,0.1,-2818.364154
610,0.933794,0.0669517,1.41761,41.1884,0.1,0.996738,0.1,-2818.364154
611,0.933298,0.0667023,1.40631,40.8602,0.1,0.996725,0.1,-2818.364154
612,0.933794,0.0669517,1.41761,41.1884,0.1,0.996738,0.1,-2818.364154
613,0.933298,0.0667023,1.40631,40.8602,0.1,0.996725,0.1,-2818.364154
614,0.933794,0.0669517,1.41761,41.1884,0.1,0.996738,0.1,-2818.364154
615,0.933298,0.0667023,1.40631,40.8602,0.1,0.996725,0.1,-2818.364154
616,0.933794,0.0669517,1.41761,41.1884,0.1,0.996738,0.1,-2818.364154
617,0.933298,0.0667023,1.40631,40.8602,0.1,0.996725,0.1,-2818.364154
618,0.933794,0.0669517,1.41761,41.1884,0.1,0.996738,0.1,-2818.364154
619,0.933298,0.0667023,1.40631,40.8602,0.1,0.996725,0.1,-2818.364154
620,0.933794,0.0669517,1.41761,41.1884,0.1,0.996738,0.1,-2818.364154
621,0.933298,0.0667023,1.40631,40.8602,0.1,0.996725,0.1,-2818.364154
622,0.933794,0.0669517,1.41761,41.1884,0.1,0.996738,0.1,-2818.364154
623,0.933298,0.0667023,1.40631,40.8602,0.1,0.996725,0.1,-2818.364154
624,0.933794,0.0669517,1.41761,41.1884,0.1,0.996738,0.1,-2818.364154
625,0.933298,0.0667023,1.40631,40.8602,0.1,0.996725,0.1,-2818.364154
626,0.933794,0.0669517,1.41761,41.1884,0.1,0.996738,0.1,-2818.364154
627,0.933298,0.0667023,1.40631,40.8602,0.1,0.996725,0.1,-2818.364154
628,0.933794,0.0669517,1.41761,41.1884,0.1,0.996738,0.1,-2818.364154
629,0.933298,0.0667023,1.40631,40.8602,0.1,0.996725,0.1,-2818.364154
630,0.933794,0.0669517,1.41761,41.1884,0.1,0.996738,0.1,-2818.364154
631,0.933298,0.0667023,1.40631,40.8602,0.1,0.996725,0.1,-2818.364154
632,0.933794,0.0669517,1.41761,41.1884,0.1,0.996738,0.1,-2818.364154
633,0.933298,0.0667023,1.40631,40.8602,0.1,0.996725,0.1,-2818.364154
634,0.933794,0.0669517,1.41761,41.1884,0.1,0.996738,0.1,-2818.364154
635,0.933298,0.0667023,1.40631,40.8602,0.1,0.996725,0.1,-2818.364154
636,0.933794,0.0669517,1.41761,41.1884,0.1,0.996738,0.1,-2818.364154
637,0.933298,0.0667023,1.40631,40.8602,0.1,0.996725,0.1,-2818.364154
638,0.933794,0.0669517,1.41761,41.1884,0.1,0.996738,0.1,-2818.364154
639,0.933298,0.0667023,1.40631,40.8602,0.1,0.996725,0.1,-2818.364154
640,0.933794,0.0669517,1.41761,41.1884,0.1,0.996738,0.1,-2818.364154
641,0.933298,0.0667023,1.40631,40.8602,0.1,0.996725,0.1,-2818.364154
642,0.933794,0.0669517,1.41761,41.1884,0.1,0.996738,0.1,-2818.364154
643,0.933298,0.0667023,1.40631,40.8602,0.1,0.996725,0.1,-2818.364154
644,0.933794,0.0669517,1.41761,41.1884,0.1,0.996738,0.1,-2818.364154
645,0.933298,0.0667023,1.40631,40.8602,0.1,0.996725,0.1,-2818.364154
646,0.933794,0.0669517,1.41761,41.1884,0.1,0.996738,0.1,-2818.364154
647,0.933298,0.0667023,1.40631,40.8602,0.1,0.996725,0.1,-2818.364154
648,0.933794,0.0669517,1.41761,41.1884,0.1,0.996738,0.1,-2818.364154
649,0.933298,0.0667023,1.40631,40.8602,0.1,0.996725,0.1,-2818.364154
650,0.933794,0.0669517,1.41761,41.1884,0.1,0.996738,0.1,-2818.364154
651,0.933298,0.0667023,1.40631,40.8602,0.1,0.996725,0.1,-2818.364154
652,0.933794,0.0669517,1.41761,41.1884,0.1,0.996738,0.1,-2818.364154
653,0.933298,0.0667023,1.40631,40.8602,0.1,0.996725,0.1,-2818.364154
654,0.933794,0.0669517,1.41761,41.1884,0.1,0.996738,0.1,-2818.364154
655,0.933298,0.0667023,1.40631,40.8602,0.1,0.996725,0.1,-2818.364154
656,0.933794,0.0669517,1.41761,41.1884,0.1,0.996738,0.1,-2818.364154
657,0.933298,0.0667023,1.40631,40.8602,0.1,0.996725,0.1,-2818.364154
658,0.933794,0.0669517,1.41761,41.1884,0.1,0.996738,0.1,-2818.364154
659,0.933298,0.0667023,1.40631,40.8602,0.1,0.996725,0.1,-2818.364154
660,0.933794,0.0669517,1.41761,41.1884,0.1,0.996738,0.1,-2818.364154
661,0.933298,0.0667023,1.40631,40.8602,0.1,0.996725,0.1,-2818.364154
662,0.933794,0.0669517,1.41761,41.1884,0.1,0.996738,0.1,-2818.364154
663,0.933298,0.0667023,1.40631,40.8602,0.1,0.996725,0.1,-2818.364154
664,0.933794,0.0669517,1.41761,41.1884,0.1,0.996738,0.1,-2818.364154
665,0.933298,0.0667023,1.40631,40.8602,0.1,0.996725,0.1,-2818.364154
666,0.933794,0.0669517,1.41761,41.1884,0.1,0.996738,0.1,-2818.364154
667,0.933298,0.0667023,1.40631,40.8602,0.1,0.996725,0.1,-2818.364154
668,0.933794,0.0669517,1.41761,41.1884,0.1,0.996738,0.1,-2818.364154
669,0.933298,0.0667023,1.40631,40.8602,0.1,0.996725,0.1,-2818.364154
670,0.933794,0.0669517,1.41761,41.1884,0.1,0.996738,0.1,-2818.364154
671,0.933298,0.0667023,1.40631,40.8602,0.1,0.996725,0.1,-2818.364154
672,0.933794,0.0669517,1.41761,41.1884,0.1,0.996738,0.1,-2818.364154
673,0.933298,0.0667023,1.40631,40.8602,0.1,0.996725,0.1,-2818.364154
674,0.933794,0.0669517,1.41761,41.1884,0.1,0.996738,0.1,-2818.364154
675,0.933298,0.0667023,1.40631,40.8602,0.1,0.996725,0.1,-2818.364154
676,0.933794,0.0669517,1.41761,41.1884,0.1,0.996738,0.1,-2818.364154
677,0.933298,0.0667023,1.40631,40.8602,0.1,0.996725,0.1,-2818.364154
678,0.933794,0.0669517,1.41761,41.1884,0.1,0.996738,0.1,-2818.364154
679,0.933298,0.0667023,1.40631,40.8602,0.1,0.996725,0.1,-2818.364154
680,0.933794,0.0669517,1.41761,41.1884,0.1,0.996738,0.1,-2818.364154
681,0.933298,0.0667023,1.40631,40.8602,0.1,0.996725,0.1,-2818.364154
682,0.933794,0.0669517,1.41761,41.1884,0.1,0.996738,0.1,-2818.364154
683,0.933298,0.0667023,1.40631,40.8602,0.1,0.996725,0.1,-2818.364154
684,0.933794,0.0669517,1.41761,41.1884,0.1,0.996738,0.1,-2818.364154
685,0.933298,0.0667023,1.40631,40.8602,0.1,0.996725,0.1,-2818.364154
686,0.933794,0.0669517,1.41761,41.1884,0.1,0.996738,0.1,-2818.364154
687,0.933298,0.0667023,1.40631,40.8602,0.1,0.996725,0.1,-2818.364154
688,0.933794,0.0669517,1.41761,41.1884,0.1,0.996738,0.1,-2818.364154
689,0.933298,0.0667023,1.40631,40.8602,0.1,0.996725,0.1,-2818.364154
690,0.933794,0.0669517,1.41761,41.1884,0.1,0.996738,0.1,-2818.364154
691,0.933298,0.0667023,1.40631,40.8602,0.1,0.996725,0.1,-2818.364154
692,0.933794,0.0669517,1.41761,41.1884,0.1,0.996738,0.1,-2818.364154
693,0.933298,0.0667023,1.40631,40.8602,0.1,0.996725,0.1,-2818.364154
694,0.933794,0.0669517,1.41761,41.1884,0.1,0.996738,0.1,-2818.364154
695,0.933298,0.0667023,1.40631,40.8602,0.1,0.996725,0.1,-2818.364154
696,0.933794,0.0669517,1.41761,41.1884,0.1,0.996738,0.1,-2818.364154
697,0.933298,0.0667023,1.40631,40.8602,0.1,0.996725,0.1,-2818.364154
698,0.933794,0.0669517,1.41761,41.1884,0.1,0.996738,0.1,-2818.364154
699,0.933298,0.0667023,1.40631,40.8602,0.1,0.996725,0.1,-2818.364154
700,0.933794,0.0669517,1.41761,41.1884,0.1,0.996738,0.1,-2818.364154
701,0.933298,0.0667023,1.40631,40.8602,0.1,0.996725,0.1,-2818.364154
702,0.933794,0.0669517,1.41761,41.1884,0.1,0.996738,0.1,-2818.364154
703,0.933298,0.0667023,1.40631,40.8602,0.1,0.996725,0.1,-2818.364154
704,0.933794,0.0669517,1.41761,41.1884,0.1,0.996738,0.1,-2818.364154
705,0.933298,0.0667023,1.40631,40.8602,0.1,0.996725,0.1,-2818.364154
706,0.933794,0.0669517,1.41761,41.1884,0.1,0.996738,0.1,-2818.364154
707,0.933298,0.0667023,1.40631,40.8602,0.1,0.996725,0.1,-2818.364154
708,0.933794,0.0669517,1.41761,41.1884,0.1,0.996738,0.1,-2818.364154
709,0.933298,0.0667023,1.40631,40.8602,0.1,0.996725,0.1,-2818.364154
710,0.933794,0.0669517,1.41761,41.1884,0.1,0.996738,0.1,-2818.364154
711,0.933298,0.0667023,1.40631,40.8602,0.1,0.996725,0.1,-2818.364154
712,0.933794,0.0669517,1.41761,41.1884,0.1,0.996738,0.1,-2818.364154
713,0.933298,0.0667023,1.40631,40.8602,0.1,0.996725,0.1,-2818.364154
714,0.933794,0.0669517,1.41761,41.1884,0.1,0.996738,0.1,-2818.364154
715,0.933298,0.0667023,1.40631,40.8602,0.1,0.996725,0.1,-2818.364154
716,0.933794,0.0669517,1.41761,41.1884,0.1,0.996738,0.1,-2818.364154
717,0.933298,0.0667023,1.40631,40.8602,0.1,0.996725,0.1,-2818.364154
718,0.933794,0.0669517,1.41761,41.1884,0.1,0.996738,0.1,-2818.364154
719,0.933298,0.0667023,1.40631,40.8602,0.1,0.996725,0.1,-2818.364154
720,0.933794,0.0669517,1.41761,41.1884,0.1,0.996738,0.1,-2818.364154
721,0.933298,0.0667023,1.40631,40.8602,0.1,0.996725,0.1,-2818.364154
722,0.933794,0.0669517,1.41761,41.1884,0.1,0.996738,0.1,-2818.364154
723,0.933298,0.0667023,1.40631,40.8602,0.1,0.996725,0.1,-2818.364154
724,0.933794,0.0669517,1.41761,41.1884,0.1,0.996738,0.1,-2818.364154
725,0.933298,0.0667023,1.40631,40.8602,0.1,0.996725,0.1,-2818.364154
726,0.933794,0.0669517,1.41761,41.1884,0.1,0.996738,0.1,-2818.364154
727,0.933298,0.0667023,1.40631,40.8602,0.1,0.996725,0.1,-2818.364154
728,0.933794,0.0669517,1.41761,41.1884,0.1,0.996738,0.1,-2818.364154
729,0.933298,0.0667023,1.40631,40.8602,0.1,0.996725,0.1,-2818.364154
730,0.933794,0.0669517,1.41761,41.1884,0.1,0.996738,0.1,-2818.364154
731,0.933298,0.0667023,1.40631,40.8602,0.1,0.996725,0.1,-2818.364154
732,0.933794,0.0669517,1.41761,41.1884,0.1,0.996738,0.1,-2818.364154
733,0.933298,0.0667023,1.40631,40.8602,0.1,0.996725,0.1,-2818.364154
734,0.933794,0.0669517,1.41761,41.1884,0.1,0.996738,0.1,-2818.364154
735,0.933298,0.0667023,1.40631,40.8602,0.1,0.996725,0.1,-2818.364154
736,0.933794,0.0669517,1.41761,41.1884,0.1,0.996738,0.1,-2818.364154
737,0.933298,0.0667023,1.40631,40.8602,0.1,0.996725,0.1,-2818.364154
738,0.933794,0.0669517,1.41761,41.1884,0.1,0.996738,0.1,-2818.364154
739,0.933298,0.0667023,1.40631,40.8602,0.1,0.996725,0.1,-2818.364154
740,0.933794,0.0669517,1.41761,41.1884,0.1,0.996738,0.1,-2818.364154
741,0.933298,0.0667023,1.40631,40.8602,0.1,0.996725,0.1,-2818.364154
742,0.933794,0.0669517,1.41761,41.1884,0.1,0.996738,0.1,-2818.364154
743,0.933298,0.0667023,1.40631,40.8602,0.1,0.996725,0.1,-2818.364154
744,0.933794,0.0669517,1.41761,41.1884,0.1,0.996738,0.1,-2818.364154
745,0.933298,0.0667023,1.40631,40.8602,0.1,0.996725,0.1,-2818.364154
746,0.933794,0.0669517,1.41761,41.1884,0.1,0.996738,0.1,-2818.364154
747,0.933298,0.0667023,1.40631,40.8602,0.1,0.996725,0.1,-2818.364154
748,0.933794,0.0669517,1.41761,41.1884,0.1,0.996738,0.1,-2818.364154
749,0.933298,0.0667023,1.40631,40.8602,0.1,0.996725,0.1,-2818.364154
750,0.933794,0.0669517,1.41761,41.1884,0.1,0.996738,0.1,-2818.364154
751,0.933298,0.0667023,1.40631,40.8602,0.1,0.996725,0.1,-2818.364154
752,0.933794,0.0669517,1.41761,41.1884,0.1,0.996738,0.1,-2818.364154
753,0.933298,0.0667023,1.40631,40.8602,0.1,0.996725,0.1,-2818.364154
754,0.933794,0.0669517,1.41761,41.1884,0.1,0.996738,0.1,-2818.364154
755,0.933298,0.0667023,1.40631,40.8602,0.1,0.996725,0.1,-2818.364154
756,0.933794,0.0669517,1.41761,41.1884,0.1,0.996738,0.1,-2818.364154
757,0.933298,0.0667023,1.40631,40.8602,0.1,0.996725,0.1,-2818.364154
758,0.933794,0.0669517,1.41761,41.1884,0.1,0.996738,0.1,-2818.364154
759,0.933298,0.0667023,1.40631,40.8602,0.1,0.996725,0.1,-2818.364154
760,0.933794,0.0669517,1.41761,41.1884,0.1,0.996738,0.1,-2818.364154
761,0.933298,0.0667023,1.40631,40.8602,0.1,0.996725,0.1,-2818.364154
762,0.933794,0.0669517,1.41761,41.1884,0.1,0.996738,0.1,-2818.364154
763,0.933298,0.0667023,1.40631,40.8602,0.1,0.996725,0.1,-2818.364154
764,0.933794,0.0669517,1.41761,41.1884,0.1,0.996738,0.1,-2818.364154
765,0.933298,0.0667023,1.40631,40.8602,0.1,0.996725,0.1,-2818.364154
766,0.933794,0.0669517,1.41761,41.1884,0.1,0.996738,0.1,-2818.364154
767,0.933298,0.0667023,1.40631,40.8602,0.1,0.996725,0.1,-2818.364154
768,0.933794,0.0669517,1.41761,41.1884,0.1,0.996738,0.1,-2818.364154
769,0.933298,0.0667023,1.40631,40.8602,0.1,0.996725,0.1,-2818.364154
770,0.933794,0.0669517,1.41761,41.1884,0.1,0.996738,0.1,-2818.364154
771,0.933298,0.0667023,1.40631,40.8602,0.1,0.996725,0.1,-2818.364154
772,0.933794,0.0669517,1.41761,41.1884,0.1,0.996738,0.1,-2818.364154
773,0.933298,0.0667023,1.40631,40.8602,0.1,0.996725,0.1,-2818.364154
774,0.933794,0.0669517,1.41761,41.1884,0.1,0.996738,0.1,-2818.364154
775,0.933298,0.0667023,1.40631,40.8602,0.1,0.996725,0.1,-2818.364154
776,0.933794,0.0669517,1.41761,41.1884,0.1,0.996738,0.1,-2818.364154
777,0.933298,0.0667023,1.40631,40.8602,0.1,0.996725,0.1,-2818.364154
778,0.933794,0.0669517,1.41761,41.1884,0.1,0.996738,0.1,-2818.364154
779,0.933298,0.0667023,1.40631,40.8602,0.1,0.996725,0.1,-2818.364154
780,0.933794,0.0669517,1.41761,41.1884,0.1,0.996738,0.1,-2818.364154
781,0.933298,0.0667023,1.40631,40.8602,0.1,0.996725,0.1,-2818.364154
782,0.933794,0.0669517,1.41761,41.1884,0.1,0.996738,0.1,-2818.364154
783,0.933298,0.0667023,1.40631,40.8602,0.1,0.996725,0.1,-2818.364154
784,0.933794,0.0669517,1.41761,41.1884,0.1,0.996738,0.1,-2818.364154
785,0.933298,0.0667023,1.40631,40.8602,0.1,0.996725,0.1,-2818.364154
786,0.933794,0.0669517,1.41761,41.1884,0.1,0.996738,0.1,-2818.364154
787,0.933298,0.0667023,1.40631,40.8602,0.1,0.996725,0.1,-2818.364154
788,0.933794,0.0669517,1.41761,41.1884,0.1,0.996738,0.1,-2818.364154
789,0.933298,0.0667023,1.40631,40.8602,0.1,0.996725,0.1,-2818.364154
790,0.933794,0.0669517,1.41761,41.1884,0.1,0.996738,0.1,-2818.364154
791,0.933298,0.0667023,1.40631,40.8602,0.1,0.996725,0.1,-2818.364154
792,0.933794,0.0669517,1.41761,41.1884,0.1,0.996738,0.1,-2818.364154
793,0.933298,0.0667023,1.40631,40.8602,0.1,0.996725,0.1,-2818.364154
794,0.933794,0.0669517,1.41761,41.1884,0.1,0.996738,0.1,-2818.364154
795,0.933298,0.0667023,1.40631,40.8602,0.1,0.996725,0.1,-2818.364154
796,0.933794,0.0669517,1.41761,41.1884,0.1,0.996738,0.1,-2818.364154
797,0.933298,0.0667023,1.40631,40.8602,0.1,0.996725,0.1,-2818.364154
798,0.933794,0.0669517,1.41761,41.1884,0.1,0.996738,0.1,-2818.364154
799,0.933298,0.0667023,1.40631,40.8602,0.1,0.996725,0.1,-2818.364154
800,0.933794,0.0669517,1.41761,41.1884,0.1,0.996738,0.1,-2818.364154
801,0.933298,0.0667023,1.40631,40.8602,0.1,0.996725,0.1,-2818.364154
802,0.933794,0.0669517,1.41761,41.1884,0.1,0.996738,0.1,-2818.364154
803,0.933298,0.0667023,1.40631,40.8602,0.1,0.996725,0.1,-2818.364154
804,0.933794,0.0669517,1.41761,41.1884,0.1,0.996738,0.1,-2818.364154
805,0.933298,0.0667023,1.40631,40.8602,0.1,0.996725,0.1,-2818.364154
806,0.933794,0.0669517,1.41761,41.1884,0.1,0.996738,0.1,-2818.364154
807,0.933298,0.0667023,1.40631,40.8602,0.1,0.996725,0.1,-2818.364154
808,0.933794,0.0669517,1.41761,41.1884,0.1,0.996738,0.1,-2818.364154
809,0.933298,0.0667023,1.40631,40.8602,0.1,0.996725,0.1,-2818.364154
810,0.933794,0.0669517,1.41761,41.1884,0.1,0.996738,0.1,-2818.364154
811,0.933298,0.0667023,1.40631,40.8602,0.1,0.996725,0.1,-2818.364154
812,0.933794,0.0669517,1.41761,41.1884,0.1,0.996738,0.1,-2818.364154
813,0.933298,0.0667023,1.40631,40.8602,0.1,0.996725,0.1,-2818.364154
814,0.933794,0.0669517,1.41761,41.1884,0.1,0.996738,0.1,-2818.364154
815,0.933298,0.0667023,1.40631,40.8602,0.1,0.996725,0.1,-2818.364154
816,0.933794,0.0669517,1.41761,41.1884,0.1,0.996738,0.1,-2818.364154
817,0.933298,0.0667023,1.40631,40.8602,0.1,0.996725,0.1,-2818.364154
818,0.933794,0.0669517,1.41761,41.1884,0.1,0.996738,0.1,-2818.364154
819,0.933298,0.0667023,1.40631,40.8602,0.1,0.996725,0.1,-2818.364154
820,0.933794,0.0669517,1.41761,41.1884,0.1,0.996738,0.1,-2818.364154
821,0.933298,0.0667023,1.40631,40.8602,0.1,0.996725,0.1,-2818.364154
822,0.933794,0.0669517,1.41761,41.1884,0.1,0.996738,0.1,-2818.364154
823,0.933298,0.0667023,1.40631,40.8602,0.1,0.996725,0.1,-2818.364154
824,0.933794,0.0669517,1.41761,41.1884,0.1,0.996738,0.1,-2818.364154
825,0.933298,0.0667023,1.40631,40.8602,0.1,0.996725,0.1,-2818.364154
826,0.933794,0.0669517,1.41761,41.1884,0.1,0.996738,0.1,-2818.364154
827,0.933298,0.0667023,1.40631,40.8602,0.1,0.996725,0.1,-2818.364154
828,0.933794,0.0669517,1.41761,41.1884,0.1,0.996738,0.1,-2818.364154
829,0.933298,0.0667023,1.40631,40.8602,0.1,0.996725,0.1,-2818.364154
830,0.933794,0.0669517,1.41761,41.1884,0.1,0.996738,0.1,-2818.364154
831,0.933298,0.0667023,1.40631,40.8602,0.1,0.996725,0.1,-2818.364154
832,0.933794,0.0669517,1.41761,41.1884,0.1,0.996738,0.1,-2818.364154
833,0.933298,0.0667023,1.40631,40.8602,0.1,0.996725,0.1,-2818.364154
834,0.933794,0.0669517,1.41761,41.1884,0.1,0.996738,0.1,-2818.364154
835,0.933298,0.0667023,1.40631,40.8602,0.1,0.996725,0.1,-2818.364154
836,0.933794,0.0669517,1.41761,41.1884,0.1,0.996738,0.1,-2818.364154
837,0.933298,0.0667023,1.40631,40.8602,0.1,0.996725,0.1,-2818.364154
838,0.933794,0.0669517,1.41761,41.1884,0.1,0.996738,0.1,-2818.364154
839,0.933298,0.0667023,1.40631,40.8602,0.1,0.996725,0.1,-2818.364154
840,0.933794,0.0669517,1.41761,41.1884,0.1,0.996738,0.1,-2818.364154
841,0.933298,0.0667023,1.40631,40.8602,0.1,0.996725,0.1,-2818.364154
842,0.933794,0.0669517,1.41761,41.1884,0.1,0.996738,0.1,-2818.364154
843,0.933298,0.0667023,1.40631,40.8602,0.1,0.996725,0.1,-2818.364154
844,0.933794,0.0669517,1.41761,41.1884,0.1,0.996738,0.1,-2818.364154
845,0.933298,0.0667023,1.40631,40.8602,0.1,0.996725,0.1,-2818.364154
846,0.933794,0.0669517,1.41761,41.1884,0.1,0.996738,0.1,-2818.364154
847,0.933298,0.0667023,1.40631,40.8602,0.1,0.996725,0.1,-2818.364154
848,0.933794,0.0669517,1.41761,41.1884,0.1,0.996738,0.1,-2818.364154
849,0.933298,0.0667023,1.40631,40.8602,0.1,0.996725,0.1,-2818.364154
850,0.933794,0.0669517,1.41761,41.1884,0.1,0.996738,0.1,-2818.364154
851,0.933298,0.0667023,1.40631,40.8602,0.1,0.996725,0.1,-2818.364154
852,0.933794,0.0669517,1.41761,41.1884,0.1,0.996738,0.1,-2818.364154
853,0.933298,0.0667023,1.40631,40.8602,0.1,0.996725,0.1,-2818.364154
854,0.933794,0.0669517,1.41761,41.1884,0.1,0.996738,0.1,-2818.364154
855,0.933298,0.0667023,1.40631,40.8602,0.1,0.996725,0.1,-2818.364154
856,0.933794,0.0669517,1.41761,41.1884,0.1,0.996738,0.1,-2818.364154
857,0.933298,0.0667023,1.40631,40.8602,0.1,0.996725,0.1,-2818.364154
858,0.933794,0.0669517,1.41761,41.1884,0.1,0.996738,0.1,-2818.364154
859,0.933298,0.0667023,1.40631,40.8602,0.1,0.996725,0.1,-2818.364154
860,0.933794,0.0669517,1.41761,41.1884,0.1,0.996738,0.1,-2818.364154
861,0.933298,0.0667023,1.40631,40.8602,0.1,0.996725,0.1,-2818.364154
862,0.933794,0.0669517,1.41761,41.1884,0.1,0.996738,0.1,-2818.364154
863,0.933298,0.0667023,1.40631,40.8602,0.1,0.996725,0.1,-2818.364154
864,0.933794,0.0669517,1.41761,41.1884,0.1,0.996738,0.1,-2818.364154
865,0.933298,0.0667023,1.40631,40.8602,0.1,0.996725,0.1,-2818.364154
866,0.933794,0.0669517,1.41761,41.1884,0.1,0.996738,0.1,-2818.364154
867,0.933298,0.0667023,1.40631,40.8602,0.1,0.996725,0.1,-2818.364154
868,0.933794,0.0669517,1.41761,41.1884,0.1,0.996738,0.1,-2818.364154
869,0.933298,0.0667023,1.40631,40.8602,0.1,0.996725,0.1,-2818.364154
870,0.933794,0.0669517,1.41761,41.1884,0.1,0.996738,0.1,-2818.364154
871,0.933298,0.0667023,1.40631,40.8602,0.1,0.996725,0.1,-2818.364154
872,0.933794,0.0669517,1.41761,41.1884,0.1,0.996738,0.1,-2818.364154
873,0.933298,0.0667023,1.40631,40.8602,0.1,0.996725,0.1,-2818.364154
874,0.933794,0.0669517,1.41761,41.1884,0.1,0.996738,0.1,-2818.364154
875,0.933298,0.0667023,1.40631,40.8602,0.1,0.996725,0.1,-2818.364154
876,0.933794,0.0669517,1.41761,41.1884,0.1,0.996738,0.1,-2818.364154
877,0.933298,0.0667023,1.40631,40.8602,0.1,0.996725,0.1,-2818.364154
878,0.933794,0.0669517,1.41761,41.1884,0.1,0.996738,0.1,-2818.364154
879,0.933298,0.0667023,1.40631,40.8602,0.1,0.996725,0.1,-2818.364154
880,0.933794,0.0669517,1.41761,41.1884,0.1,0.996738,0.1,-2818.364154
881,0.933298,0.0667023,1.40631,40.8602,0.1,0.996725,0.1,-2818.364154
882,0.933794,0.0669517,1.41761,41.1884,0.1,0.996738,0.1,-2818.364154
883,0.933298,0.0667023,1.40631,40.8602,0.1,0.996725,0.1,-2818.364154
884,0.933794,0.0669517,1.41761,41.1884,0.1,0.996738,0.1,-2818.364154
885,0.933298,0.0667023,1.40631,40.8602,0.1,0.996725,0.1,-2818.364154
886,0.933794,0.0669517,1.41761,41.1884,0.1,0.996738,0.1,-2818.364154
887,0.933298,0.0667023,1.40631,40.8602,0.1,0.996725,0.1,-2818.364154
888,0.933794,0.0669517,1.41761,41.1884,0.1,0.996738,0.1,-2818.364154
889,0.933298,0.0667023,1.40631,40.8602,0.1,0.996725,0.1,-2818.364154
890,0.933794,0.0669517,1.41761,41.1884,0.1,0.996738,0.1,-2818.364154
891,0.933298,0.0667023,1.40631,40.8602,0.1,0.996725,0.1,-2818.364154
892,0.933794,0.0669517,1.41761,41.1884,0.1,0.996738,0.1,-2818.364154
893,0.933298,0.0667023,1.40631,40.8602,0.1,0.996725,0.1,-2818.364154
894,0.933794,0.0669517,1.41761,41.1884,0.1,0.996738,0.1,-2818.364154
895,0.933298,0.0667023,1.40631,40.8602,0.1,0.996725,0.1,-2818.364154
896,0.933794,0.0669517,1.41761,41.1884,0.1,0.996738,0.1,-2818.364154
897,0.933298,0.0667023,1.40631,40.8602,0.1,0.996725,0.1,-2818.364154
898,0.933794,0.0669517,1.41761,41.1884,0.1,0.996738,0.1,-2818.364154
899,0.933298,0.0667023,1.40631,40.8602,0.1,0.996725,0.1,-2818.364154
900,0.933794,0.0669517,1.41761,41.1884,0.1,0.996738,0.1,-2818.364154
901,0.933298,0.0667023,1.40631,40.8602,0.1,0.996725,0.1,-2818.364154
902,0.933794,0.0669517,1.41761,41.1884,0.1,0.996738,0.1,-2818.364154
903,0.933298,0.0667023,1.40631,40.8602,0.1,0.996725,0.1,-2818.364154
904,0.933794,0.0669517,1.41761,41.1884,0.1,0.996738,0.1,-2818.364154
905,0.933298,0.0667023,1.40631,40.8602,0.1,0.996725,0.1,-2818.364154
906,0.933794,0.0669517,1.41761,41.1884,0.1,0.996738,0.1,-2818.364154
907,0.933298,0.0667023,1.40631,40.8602,0.1,0.996725,0.1,-2818.364154
908,0.933794,0.0669517,1.41761,41.1884,0.1,0.996738,0.1,-2818.364154
909,0.933298,0.0667023,1.40631,40.8602,0.1,0.996725,0.1,-2818.364154
910,0.933794,0.0669517,1.41761,41.1884,0.1,0.996738,0.1,-2818.364154
911,0.933298,0.0667023,1.40631,40.8602,0.1,0.996725,0.1,-2818.364154
912,0.933794,0.0669517,1.41761,41.1884,0.1,0.996738,0.1,-2818.364154
913,0.933298,0.0667023,1.40631,40.8602,0.1,0.996725,0.1,-2818.364154
914,0.933794,0.0669517,1.41761,41.1884,0.1,0.996738,0.1,-2818.364154
915,0.933298,0.0667023,1.40631,40.8602,0.1,0.996725,0.1,-2818.364154
916,0.933794,0.0669517,1.41761,41.1884,0.1,0.996738,0.1,-2818.364154
917,0.933298,0.0667023,1.40631,40.8602,0.1,0.996725,0.1,-2818.364154
918,0.933794,0.0669517,1.41761,41.1884,0.1,0.996738,0.1,-2818.364154
919,0.933298,0.0667023,1.40631,40.8602,0.1,0.996725,0.1,-2818.364154
920,0.933794,0.0669517,1.41761,41.1884,0.1,0.996738,0.1,-2818.364154
921,0.933298,0.0667023,1.40631,40.8602,0.1,0.996725,0.1,-2818.364154
922,0.933794,0.0669517,1.41761,41.1884,0.1,0.996738,0.1,-2818.364154
923,0.933298,0.0667023,1.40631,40.8602,0.1,0.996725,0.1,-2818.364154
924,0.933794,0.0669517,1.41761,41.1884,0.1,0.996738,0.1,-2818.364154
925,0.933298,0.0667023,1.40631,40.8602,0.1,0.996725,0.1,-2818.364154
926,0.933794,0.0669517,1.41761,41.1884,0.1,0.996738,0.1,-2818.364154
927,0.933298,0.0667023,1.40631,40.8602,0.1,0.996725,0.1,-2818.364154
928,0.933794,0.0669517,1.41761,41.1884,0.1,0.996738,0.1,-2818.364154
929,0.933298,0.0667023,1.40631,40.8602,0.1,0.996725,0.1,-2818.364154
930,0.933794,0.0669517,1.41761,41.1884,0.1,0.996738,0.1,-2818.364154
931,0.933298,0.0667023,1.40631,40.8602,0.1,0.996725,0.1,-2818.364154
932,0.933794,0.0669517,1.41761,41.1884,0.1,0.996738,0.1,-2818.364154
933,0.933298,0.0667023,1.40631,40.8602,0.1,0.996725,0.1,-2818.364154
934,0.933794,0.0669517,1.41761,41.1884,0.1,0.996738,0.1,-2818.364154
935,0.933298,0.0667023,1.40631,40.8602,0.1,0.996725,0.1,-2818.364154
936,0.933794,0.0669517,1.41761,41.1884,0.1,0.996738,0.1,-2818.364154
937,0.933298,0.0667023,1.40631,40.8602,0.1,0.996725,0.1,-2818.364154
938,0.933794,0.0669517,1.41761,41.1884,0.1,0.996738,0.1,-2818.364154
939,0.933298,0.0667023,1.40631,40.8602,0.1,0.996725,0.1,-2818.364154
940,0.933794,0.0669517,1.41761,41.1884,0.1,0.996738,0.1,-2818.364154
941,0.933298,0.0667023,1.40631,40.8602,0.1,0.996725,0.1,-2818.364154
942,0.933794,0.0669517,1.41761,41.1884,0.1,0.996738,0.1,-2818.364154
943,0.933298,0.0667023,1.40631,40.8602,0.1,0.996725,0.1,-2818.364154
944,0.933794,0.0669517,1.41761,41.1884,0.1,0.996738,0.1,-2818.364154
945,0.933298,0.0667023,1.40631,40.8602,0.1,0.996725,0.1,-2818.364154
946,0.933794,0.0669517,1.41761,41.1884,0.1,0.996738,0.1,-2818.364154
947,0.933298,0.0667023,1.40631,40.8602,0.1,0.996725,0.1,-2818.364154
948,0.933794,0.0669517,1.41761,41.1884,0.1,0.996738,0.1,-2818.364154
949,0.933298,0.0667023,1.40631,40.8602,0.1,0.996725,0.1,-2818.364154
950,0.933794,0.0669517,1.41761,41.1884,0.1,0.996738,0.1,-2818.364154
951,0.933298,0.0667023,1.40631,40.8602,0.1,0.996725,0.1,-2818.364154
952,0.933794,0.0669517,1.41761,41.1884,0.1,0.996738,0.1,-2818.364154
953,0.933298,0.0667023,1.40631,40.8602,0.1,0.996725,0.1,-2818.364154
954,0.933794,0.0669517,1.41761,41.1884,0.1,0.996738,0.1,-2818.364154
955,0.933298,0.0667023,1.40631,40.8602,0.1,0.996725,0.1,-2818.364154
956,0.933794,0.0669517,1.41761,41.1884,0.1,0.996738,0.1,-2818.364154
957,0.933298,0.0667023,1.40631,40.8602,0.1,0.996725,0.1,-2818.364154
958,0.933794,0.0669517,1.41761,41.1884,0.1,0.996738,0.1,-2818.364154
959,0.933298,0.0667023,1.40631,40.8602,0.1,0.996725,0.1,-2818.364154
960,0.933794,0.0669517,1.41761,41.1884,0.1,0.996738,0.1,-2818.364154
961,0.933298,0.0667023,1.40631,40.8602,0.1,0.996725,0.1,-2818.364154
962,0.933794,0.0669517,1.41761,41.1884,0.1,0.996738,0.1,-2818.364154
963,0.933298,0.0667023,1.40631,40.8602,0.1,0.996725,0.1,-2818.364154
964,0.933794,0.0669517,1.41761,41.1884,0.1,0.996738,0.1,-2818.364154
965,0.933298,0.0667023,1.40631,40.8602,0.1,0.996725,0.1,-2818.364154
966,0.933794,0.0669517,1.41761,41.1884,0.1,0.996738,0.1,-2818.364154
967,0.933298,0.0667023,1.40631,40.8602,0.1,0.996725,0.1,-2818.364154
968,0.933794,0.0669517,1.41761,41.1884,0.1,0.996738,0.1,-2818.364154
969,0.933298,0.0667023,1.40631,40.8602,0.1,0.996725,0.1,-2818.364154
970,0.933794,0.0669517,1.41761,41.1884,0.1,0.996738,0.1,-2818.364154
971,0.933298,0.0667023,1.40631,40.8602,0.1,0.996725,0.1,-2818.364154
972,0.933794,0.0669517,1.41761,41.1884,0.1,0.996738,0.1,-2818.364154
973,0.933298,0.0667023,1.40631,40.8602,0.1,0.996725,0.1,-2818.364154
974,0.933794,0.0669517,1.41761,41.1884,0.1,0.996738,0.1,-2818.364154
975,0.933298,0.0667023,1.40631,40.8602,0.1,0.996725,0.1,-2818.364154
976,0.933794,0.0669517,1.41761,41.1884,0.1,0.996738,0.1,-2818.364154
977,0.933298,0.0667023,1.40631,40.8602,0.1,0.996725,0.1,-2818.364154
978,0.933794,0.0669517,1.41761,41.1884,0.1,0.996738,0.1,-2818.364154
979,0.933298,0.0667023,1.40631,40.8602,0.1,0.996725,0.1,-2818.364154
980,0.933794,0.0669517,1.41761,41.1884,0.1,0.996738,0.1,-2818.364154
981,0.933298,0.0667023,1.40631,40.8602,0.1,0.996725,0.1,-2818.364154
982,0.933794,0.0669517,1.41761,41.1884,0.1,0.996738,0.1,-2818.364154
983,0.933298,0.0667023,1.40631,40.8602,0.1,0.996725,0.1,-2818.364154
984,0.933794,0.0669517,1.41761,41.1884,0.1,0.996738,0.1,-2818.364154
985,0.933298,0.0667023,1.40631,40.8602,0.1,0.996725,0.1,-2818.364154
986,0.933794,0.0669517,1.41761,41.1884,0.1,0.996738,0.1,-2818.364154
987,0.933298,0.0667023,1.40631,40.8602,0.1,0.996725,0.1,-2818.364154
988,0.933794,0.0669517,1.41761,41.1884,0.1,0.996738,0.1,-2818.364154
989,0.933298,0.0667023,1.40631,40.8602,0.1,0.996725,0.1,-2818.364154
990,0.933794,0.0669517,1.41761,41.1884,0.1,0.996738,0.1,-2818.364154
991,0.933298,0.0667023,1.40631,40.8602,0.1,0.996725,0.1,-2818.364154
992,0.933794,0.0669517,1.41761,41.1884,0.1,0.996738,0.1,-2818.364154
993,0.933298,0.0667023,1.40631,40.8602,0.1,0.996725,0.1,-2818.364154
994,0.933794,0.0669517,1.41761,41.1884,0.1,0.996738,0.1,-2818.364154
995,0.933298,0.0667023,1.40631,40.8602,0.1,0.996725,0.1,-2818.364154
996,0.933794,0.0669517,1.41761,41.1884,0.1,0.996738,0.1,-2818.364154
997,0.933298,0.0667023,1.40631,40.8602,0.1,0.996725,0.1,-2818.364154
998,0.933794,0.0669517,1.41761,41.1884,0.1,0.996738,0.1,-2818.364154
999,0.933298,0.0667023,1.40631,40.8602,0.1,0.996725,0.1,-2818.364154
