time,low95:S:France__all,S:France__all,high95:S:France__all,low95:A:France__all,A:France__all,high95:A:France__all,low95:I:France__all,I:France__all,high95:I:France__all,low95:France__Sentinelles__inc,France__Sentinelles__inc,high95:France__Sentinelles__inc
1,6.23545e+07,6.23549e+07,6.23552e+07,431.74,448.343,464.945,-3712.21,-3701.82,-3691.44,4313.56,4313.86,4314.16
2,6.23553e+07,6.23559e+07,6.23564e+07,-26052.8,-26030.9,-26009,18308.3,18321.7,18335.1,8255.94,8255.95,8255.95
3,6.23562e+07,6.23568e+07,6.23575e+07,-16.4407,7.01222,30.4652,15561.3,15577.7,15594.1,2737.19,2746.48,2755.76
4,6.23571e+07,6.23578e+07,6.23585e+07,-19.7508,4.98291,29.7166,10205.2,10223.6,10242.1,5367,5375.13,5383.26
5,6.23579e+07,6.23588e+07,6.23596e+07,-27.7284,-2.18053,23.3673,5353.47,5372.77,5392.07,4885.34,4891.02,4896.69
6,6.23588e+07,6.23597e+07,6.23606e+07,-43.4792,-17.5051,8.4689,38.9323,58.4363,77.9403,5407.28,5410.46,5413.64
7,6.2357e+07,6.2358e+07,6.23589e+07,-1255.92,-1229.85,-1203.79,4616.3,4635.64,4654.98,6783.02,6783.05,6783.09
8,6.23579e+07,6.23589e+07,6.236e+07,-26.2592,0.181538,26.6223,-86.3426,-66.7022,-47.0618,4800.34,4803.11,4805.88
9,6.15427e+07,6.15438e+07,6.15449e+07,150451,150478,150504,1.95724e+06,1.95724e+06,1.95725e+06,6507,6507,6507
10,6.15331e+07,6.15354e+07,6.15376e+07,150480,152387,154293,1.95774e+06,1.95798e+06,1.95822e+06,6252.42,6407.99,6563.57
11,6.15238e+07,6.15268e+07,6.15299e+07,151586,154300,157014,1.95842e+06,1.95878e+06,1.95914e+06,6291.63,6447.25,6602.86
12,6.15144e+07,6.15182e+07,6.1522e+07,152871,156216,159562,1.95922e+06,1.95971e+06,1.9602e+06,6252.84,6408.49,6564.14
13,6.1505e+07,6.15095e+07,6.1514e+07,154246,158133,162021,1.96012e+06,1.96075e+06,1.96138e+06,6236.2,6391.9,6547.59
14,6.14956e+07,6.15007e+07,6.15058e+07,155679,160053,164428,1.96108e+06,1.96188e+06,1.96267e+06,6249.3,6405.05,6560.79
15,6.14861e+07,6.14918e+07,6.14975e+07,157153,161976,166799,1.96211e+06,1.96309e+06,1.96407e+06,6256.57,6412.37,6568.17
16,6.14764e+07,6.14828e+07,6.14891e+07,158668,163911,169154,1.9632e+06,1.96438e+06,1.96557e+06,6282.56,6438.42,6594.28
17,6.14667e+07,6.14736e+07,6.14806e+07,160214,165855,171497,1.96435e+06,1.96576e+06,1.96717e+06,6293.57,6449.5,6605.44
18,6.14569e+07,6.14644e+07,6.14719e+07,161801,167823,173845,1.96557e+06,1.96722e+06,1.96887e+06,6318.46,6474.47,6630.48
19,6.1447e+07,6.14551e+07,6.14632e+07,163362,169751,176139,1.9669e+06,1.9688e+06,1.9707e+06,6277.83,6433.94,6590.04
20,6.1437e+07,6.14457e+07,6.14544e+07,164948,171691,178434,1.96829e+06,1.97047e+06,1.97264e+06,6292.94,6449.14,6605.34
21,6.14268e+07,6.14361e+07,6.14455e+07,166594,173682,180770,1.96975e+06,1.97221e+06,1.97468e+06,6326.68,6482.99,6639.3
22,6.14166e+07,6.14266e+07,6.14366e+07,168154,175578,183002,1.9713e+06,1.97407e+06,1.97683e+06,6280.62,6437.05,6593.48
23,6.14062e+07,6.14168e+07,6.14274e+07,169810,177564,185317,1.97293e+06,1.976e+06,1.97908e+06,6327.15,6483.71,6640.28
24,6.13957e+07,6.14069e+07,6.14182e+07,171508,179584,187659,1.97464e+06,1.97804e+06,1.98145e+06,6343.18,6499.89,6656.6
25,6.13852e+07,6.13971e+07,6.14089e+07,173123,181516,189909,1.97641e+06,1.98016e+06,1.98391e+06,6318.78,6475.65,6632.52
26,6.13745e+07,6.1387e+07,6.13995e+07,174795,183501,192207,1.97828e+06,1.98238e+06,1.98648e+06,6340.37,6497.41,6654.45
27,6.13634e+07,6.13766e+07,6.13898e+07,176654,185669,194683,1.98029e+06,1.98475e+06,1.98922e+06,6390.65,6547.88,6705.11
28,6.13528e+07,6.13667e+07,6.13805e+07,178143,187463,196782,1.98224e+06,1.98708e+06,1.99193e+06,6312.16,6469.6,6627.04
29,6.1342e+07,6.13566e+07,6.13711e+07,179692,189313,198933,1.98427e+06,1.98951e+06,1.99474e+06,6334.13,6491.78,6649.44
30,6.1331e+07,6.13463e+07,6.13615e+07,181318,191237,201156,1.98641e+06,1.99205e+06,1.99769e+06,6356.81,6514.71,6672.6
31,6.13199e+07,6.13358e+07,6.13517e+07,182965,193179,203394,1.98862e+06,1.99468e+06,2.00073e+06,6368.5,6526.65,6684.79
32,6.13095e+07,6.13261e+07,6.13427e+07,184147,194654,205161,1.99063e+06,1.99711e+06,2.00359e+06,6310.92,6469.34,6627.76
33,6.12987e+07,6.1316e+07,6.13334e+07,185521,196318,207114,1.99279e+06,1.99971e+06,2.00662e+06,6349.38,6508.08,6666.78
34,6.12875e+07,6.13055e+07,6.13236e+07,187092,198176,209260,1.99513e+06,2.0025e+06,2.00986e+06,6384.15,6543.16,6702.16
35,6.1276e+07,6.12947e+07,6.13135e+07,188760,200129,211498,1.99761e+06,2.00543e+06,2.01325e+06,6404.35,6563.69,6723.03
36,6.12642e+07,6.12838e+07,6.13033e+07,190495,202148,213801,2.0002e+06,2.00849e+06,2.01678e+06,6420.55,6580.24,6739.93
37,6.12526e+07,6.12729e+07,6.12932e+07,192095,204030,215965,2.00276e+06,2.01153e+06,2.0203e+06,6417.24,6577.3,6737.37
38,6.12413e+07,6.12624e+07,6.12834e+07,193512,205728,217945,2.00524e+06,2.0145e+06,2.02376e+06,6411.73,6572.19,6732.66
39,6.12302e+07,6.12521e+07,6.12739e+07,194774,207269,219764,2.00763e+06,2.01739e+06,2.02715e+06,6410.22,6571.1,6731.98
40,6.12186e+07,6.12412e+07,6.12638e+07,196281,209053,221826,2.01028e+06,2.02055e+06,2.03082e+06,6440.05,6601.36,6762.68
41,6.12073e+07,6.12307e+07,6.12541e+07,197590,210639,223688,2.0128e+06,2.02359e+06,2.03438e+06,6437.1,6598.88,6760.66
42,6.11955e+07,6.12197e+07,6.12439e+07,199071,212394,225717,2.01553e+06,2.02685e+06,2.03816e+06,6459.59,6621.85,6784.11
43,6.11845e+07,6.12095e+07,6.12346e+07,200161,213757,227353,2.01793e+06,2.02978e+06,2.04164e+06,6446.65,6609.43,6772.2
44,6.11738e+07,6.11996e+07,6.12255e+07,201098,214965,228832,2.02019e+06,2.0326e+06,2.045e+06,6449.08,6612.39,6775.69
45,6.11624e+07,6.1189e+07,6.12157e+07,202339,216475,230612,2.02279e+06,2.03575e+06,2.04871e+06,6477.11,6640.96,6804.81
46,6.11506e+07,6.11781e+07,6.12056e+07,203703,218107,232511,2.02555e+06,2.03907e+06,2.0526e+06,6494.71,6659.15,6823.58
47,6.11382e+07,6.11665e+07,6.11949e+07,205352,220022,234693,2.02866e+06,2.04276e+06,2.05686e+06,6520.04,6685.09,6850.14
48,6.11238e+07,6.1153e+07,6.11822e+07,207857,222793,237729,2.03279e+06,2.04748e+06,2.06216e+06,6571.72,6737.43,6903.14
49,6.11104e+07,6.11405e+07,6.11706e+07,209813,225015,240218,2.03643e+06,2.0517e+06,2.06698e+06,6560.45,6726.88,6893.31
50,6.10995e+07,6.11305e+07,6.11614e+07,210634,226103,241572,2.03882e+06,2.05469e+06,2.07056e+06,6525.13,6692.29,6859.45
51,6.10886e+07,6.11205e+07,6.11523e+07,211448,227181,242915,2.0412e+06,2.05768e+06,2.07416e+06,6535.75,6703.62,6871.49
52,6.10789e+07,6.11117e+07,6.11444e+07,211718,227714,243710,2.04292e+06,2.06002e+06,2.07712e+06,6525.53,6694.14,6862.75
53,6.10706e+07,6.11042e+07,6.11378e+07,211446,227700,243955,2.04393e+06,2.06165e+06,2.07937e+06,6514.84,6684.19,6853.54
54,6.10538e+07,6.10883e+07,6.11229e+07,214742,231252,247762,2.04942e+06,2.06777e+06,2.08613e+06,6649.06,6819.15,6989.24
55,6.10389e+07,6.10744e+07,6.11098e+07,217156,233924,250691,2.05394e+06,2.07293e+06,2.09192e+06,6636.19,6807.22,6978.25
56,6.10237e+07,6.10601e+07,6.10964e+07,219643,236669,253694,2.05868e+06,2.07831e+06,2.09795e+06,6653.81,6825.78,6997.74
57,6.10067e+07,6.1044e+07,6.10813e+07,222794,240078,257363,2.06443e+06,2.08472e+06,2.10501e+06,6690.73,6863.66,7036.6
58,6.09903e+07,6.10286e+07,6.10668e+07,225606,243152,260697,2.06989e+06,2.09084e+06,2.11178e+06,6699.01,6872.97,7046.94
59,6.09736e+07,6.10128e+07,6.1052e+07,228510,246316,264123,2.07561e+06,2.09722e+06,2.11883e+06,6719.73,6894.75,7069.77
60,6.09532e+07,6.09933e+07,6.10335e+07,232775,250844,268914,2.08343e+06,2.10571e+06,2.12799e+06,6777.5,6953.61,7129.71
61,6.09385e+07,6.09796e+07,6.10207e+07,234702,253038,271373,2.08809e+06,2.11104e+06,2.134e+06,6737.48,6914.78,7092.08
62,6.09206e+07,6.09626e+07,6.10047e+07,237844,256445,275045,2.09462e+06,2.11826e+06,2.1419e+06,6786.4,6964.81,7143.21
63,6.0899e+07,6.09421e+07,6.09851e+07,242293,261161,280029,2.10327e+06,2.1276e+06,2.15193e+06,6842.03,7021.63,7201.24
64,6.08824e+07,6.09264e+07,6.09705e+07,244759,263897,283035,2.10915e+06,2.13417e+06,2.15919e+06,6819.39,7000.3,7181.2
65,6.08636e+07,6.09086e+07,6.09537e+07,247984,267392,286800,2.11631e+06,2.14203e+06,2.16775e+06,6858.06,7040.19,7222.33
66,6.08401e+07,6.08861e+07,6.09321e+07,252904,272583,292263,2.12629e+06,2.15272e+06,2.17914e+06,6922.51,7105.95,7289.38
67,6.08234e+07,6.08704e+07,6.09175e+07,255179,275134,295089,2.13234e+06,2.15947e+06,2.1866e+06,6892.52,7077.39,7262.25
68,6.08017e+07,6.08497e+07,6.08978e+07,259227,279457,299686,2.14135e+06,2.16919e+06,2.19703e+06,6953.77,7139.95,7326.13
69,6.07729e+07,6.0822e+07,6.08711e+07,265732,286239,306746,2.15459e+06,2.18314e+06,2.2117e+06,7038.21,7225.83,7413.45
70,6.07421e+07,6.07923e+07,6.08424e+07,272822,293612,314402,2.16916e+06,2.19844e+06,2.22772e+06,7093.37,7282.6,7471.82
71,6.07251e+07,6.07764e+07,6.08276e+07,274765,295880,316995,2.17549e+06,2.20557e+06,2.23564e+06,7028.29,7220.95,7413.61
72,6.06914e+07,6.07437e+07,6.0796e+07,282640,304043,325446,2.19199e+06,2.2228e+06,2.2536e+06,7175.61,7368.04,7560.48
73,6.06704e+07,6.07238e+07,6.07771e+07,285857,307556,329256,2.20092e+06,2.23246e+06,2.264e+06,7132.48,7326.7,7520.93
74,6.06489e+07,6.07034e+07,6.07578e+07,289179,311176,333173,2.21019e+06,2.24247e+06,2.27474e+06,7164.35,7360.13,7555.92
75,6.06297e+07,6.06852e+07,6.07407e+07,291663,313957,336251,2.21813e+06,2.25115e+06,2.28417e+06,7178.49,7375.86,7573.23
76,6.06109e+07,6.06674e+07,6.0724e+07,293971,316562,339152,2.22587e+06,2.25963e+06,2.29339e+06,7201.86,7400.8,7599.74
77,6.05877e+07,6.06453e+07,6.07029e+07,297716,320602,343488,2.23628e+06,2.27079e+06,2.3053e+06,7255.54,7456.06,7656.59
78,6.05564e+07,6.06151e+07,6.06738e+07,304092,327274,350456,2.25166e+06,2.28692e+06,2.32218e+06,7339.64,7541.85,7744.07
79,6.05166e+07,6.05763e+07,6.06361e+07,313198,336681,360164,2.2724e+06,2.30841e+06,2.34442e+06,7440.55,7644.62,7848.7
80,6.04951e+07,6.0556e+07,6.06168e+07,316008,339801,363595,2.28195e+06,2.31872e+06,2.35548e+06,7392.16,7598.29,7804.42
81,6.0462e+07,6.0524e+07,6.0586e+07,322582,346686,370789,2.29868e+06,2.3362e+06,2.37372e+06,7492.23,7700.07,7907.92
82,6.04243e+07,6.04874e+07,6.05505e+07,330531,354951,379370,2.31836e+06,2.35664e+06,2.39492e+06,7571.48,7781.28,7991.09
83,6.04038e+07,6.0468e+07,6.05322e+07,332733,357475,382217,2.32748e+06,2.36653e+06,2.40557e+06,7534.04,7745.91,7957.78
84,6.03833e+07,6.04486e+07,6.05139e+07,334888,359950,385013,2.3366e+06,2.37641e+06,2.41622e+06,7563.9,7777.53,7991.16
85,6.03668e+07,6.04332e+07,6.04996e+07,335738,361119,386500,2.34325e+06,2.38383e+06,2.4244e+06,7572.1,7787.5,8002.9
86,6.03421e+07,6.04096e+07,6.04771e+07,339186,364881,390576,2.35499e+06,2.39634e+06,2.43768e+06,7639.01,7856.13,8073.25
87,6.03248e+07,6.03934e+07,6.0462e+07,340229,366237,392245,2.36214e+06,2.40425e+06,2.44636e+06,7637.66,7856.67,8075.67
88,6.03118e+07,6.03815e+07,6.04512e+07,339915,366233,392550,2.36659e+06,2.40947e+06,2.45235e+06,7639.57,7860.33,8081.1
89,6.02992e+07,6.03701e+07,6.04409e+07,339480,366100,392720,2.37073e+06,2.41438e+06,2.45803e+06,7653.38,7875.85,8098.32
90,6.02719e+07,6.03439e+07,6.04158e+07,343658,370574,397491,2.38412e+06,2.42854e+06,2.47296e+06,7742.64,7966.81,8190.98
91,6.02539e+07,6.0327e+07,6.04001e+07,344883,372096,399309,2.39168e+06,2.43687e+06,2.48206e+06,7739.7,7965.85,8192.01
92,6.02522e+07,6.03264e+07,6.04006e+07,341068,368575,396081,2.38894e+06,2.4349e+06,2.48086e+06,7685.65,7913.64,8141.63
93,6.02435e+07,6.03188e+07,6.03941e+07,339501,367289,395076,2.39057e+06,2.4373e+06,2.48402e+06,7713.56,7943.09,8172.63
94,6.02354e+07,6.03117e+07,6.03881e+07,337821,365882,393943,2.39183e+06,2.43932e+06,2.48682e+06,7718.45,7949.67,8180.88
95,6.02381e+07,6.03156e+07,6.0393e+07,332883,361209,389534,2.38613e+06,2.43439e+06,2.48264e+06,7674.1,7906.99,8139.89
96,6.02382e+07,6.03167e+07,6.03953e+07,328861,357439,386016,2.38204e+06,2.43106e+06,2.48007e+06,7671.13,7905.51,8139.9
97,6.02304e+07,6.031e+07,6.03896e+07,327303,356121,384938,2.38291e+06,2.43268e+06,2.48245e+06,7696.12,7932.05,8167.97
98,6.02256e+07,6.03063e+07,6.0387e+07,324894,353943,382993,2.38184e+06,2.43235e+06,2.48287e+06,7687.5,7925.11,8162.72
99,6.02316e+07,6.03133e+07,6.03951e+07,319336,348608,377881,2.37382e+06,2.42508e+06,2.47634e+06,7639.06,7878.3,8117.54
100,6.0229e+07,6.03118e+07,6.03945e+07,316458,345941,375424,2.37125e+06,2.42325e+06,2.47524e+06,7653.37,7894.05,8134.73
101,6.02292e+07,6.0313e+07,6.03967e+07,312838,342521,372204,2.36686e+06,2.41959e+06,2.47232e+06,7635.47,7877.74,8120.01
102,6.02332e+07,6.0318e+07,6.04028e+07,308183,338056,367930,2.35998e+06,2.41343e+06,2.46688e+06,7607.62,7851.42,8095.22
103,6.02385e+07,6.03243e+07,6.04101e+07,303245,333296,363348,2.35217e+06,2.40634e+06,2.4605e+06,7582.4,7827.66,8072.92
104,6.02559e+07,6.03426e+07,6.04294e+07,294936,325154,355371,2.33659e+06,2.39146e+06,2.44633e+06,7510.93,7757.62,8004.3
105,6.0271e+07,6.03587e+07,6.04464e+07,287448,317815,348182,2.32235e+06,2.37791e+06,2.43347e+06,7473.11,7721,7968.89
106,6.02771e+07,6.03657e+07,6.04543e+07,282736,313237,343739,2.3139e+06,2.37014e+06,2.42638e+06,7466.32,7715.43,7964.55
107,6.02904e+07,6.03799e+07,6.04694e+07,276049,306674,337299,2.30071e+06,2.35761e+06,2.41452e+06,7412.76,7663.23,7913.7
108,6.0275e+07,6.03653e+07,6.04557e+07,277703,308437,339171,2.30608e+06,2.36363e+06,2.42119e+06,7484.2,7735.89,7987.57
109,6.02727e+07,6.0364e+07,6.04552e+07,275590,306430,337271,2.30288e+06,2.36108e+06,2.41928e+06,7451.27,7704.63,7957.99
110,6.02672e+07,6.03593e+07,6.04514e+07,274473,305413,336353,2.30184e+06,2.36067e+06,2.4195e+06,7454.99,7709.79,7964.59
111,6.02652e+07,6.03581e+07,6.0451e+07,272419,303451,334484,2.29853e+06,2.35798e+06,2.41743e+06,7439.58,7695.86,7952.13
112,6.02588e+07,6.03525e+07,6.04462e+07,271631,302749,333867,2.29803e+06,2.35809e+06,2.41815e+06,7446.37,7704.04,7961.7
113,6.02433e+07,6.03378e+07,6.04323e+07,273391,304590,335788,2.30343e+06,2.36409e+06,2.42474e+06,7479.35,7738.46,7997.57
114,6.02268e+07,6.0322e+07,6.04173e+07,275451,306727,338003,2.3096e+06,2.37084e+06,2.43207e+06,7501.49,7762.17,8022.85
115,6.02155e+07,6.03115e+07,6.04076e+07,276019,307371,338724,2.31231e+06,2.37412e+06,2.43593e+06,7502.22,7764.47,8026.73
116,6.01958e+07,6.02926e+07,6.03893e+07,278918,310344,341769,2.32059e+06,2.38296e+06,2.44533e+06,7542.62,7806.33,8070.05
117,6.01893e+07,6.02867e+07,6.03842e+07,278199,309697,341196,2.32029e+06,2.38322e+06,2.44615e+06,7521.88,7787.18,8052.48
118,6.01663e+07,6.02645e+07,6.03626e+07,281961,313527,345094,2.33076e+06,2.39423e+06,2.4577e+06,7581.04,7847.68,8114.32
119,6.01699e+07,6.02688e+07,6.03676e+07,278503,310139,341774,2.32384e+06,2.38784e+06,2.45185e+06,7519.47,7787.7,8055.93
120,6.01843e+07,6.02839e+07,6.03834e+07,272238,303934,335631,2.30984e+06,2.37436e+06,2.43888e+06,7459.94,7729.29,7998.65
121,6.01592e+07,6.02594e+07,6.03595e+07,276651,308395,340140,2.32175e+06,2.38677e+06,2.45179e+06,7556.45,7826.72,8096.99
122,6.01772e+07,6.0278e+07,6.03788e+07,269551,301346,333141,2.30537e+06,2.37088e+06,2.43639e+06,7442.78,7714.57,7986.37
123,6.02037e+07,6.03051e+07,6.04065e+07,260356,292188,324020,2.28338e+06,2.34935e+06,2.41533e+06,7361.99,7634.57,7907.16
124,6.01612e+07,6.02631e+07,6.0365e+07,269505,301359,333212,2.3068e+06,2.37322e+06,2.43964e+06,7533.27,7806.45,8079.63
125,6.01105e+07,6.0213e+07,6.03156e+07,280623,312507,344391,2.33563e+06,2.40249e+06,2.46935e+06,7636.87,7911.74,8186.61
126,6.00914e+07,6.01945e+07,6.02976e+07,283343,315270,347197,2.34375e+06,2.41106e+06,2.47836e+06,7620.15,7896.84,8173.54
127,6.00752e+07,6.01788e+07,6.02825e+07,285289,317261,349232,2.35002e+06,2.41776e+06,2.4855e+06,7636.73,7914.73,8192.73
128,6.00505e+07,6.01546e+07,6.02588e+07,289411,321428,353444,2.36193e+06,2.4301e+06,2.49827e+06,7686.71,7965.95,8245.19
129,6.00471e+07,6.01518e+07,6.02565e+07,287971,320035,352099,2.35972e+06,2.4283e+06,2.49689e+06,7651.35,7931.95,8212.55
130,6.00324e+07,6.01376e+07,6.02428e+07,289495,321601,353708,2.36507e+06,2.43406e+06,2.50305e+06,7684.17,7965.76,8247.35
131,6.00181e+07,6.01238e+07,6.02295e+07,290897,323046,355195,2.37015e+06,2.43954e+06,2.50893e+06,7700.3,7983.04,8265.78
132,6.00303e+07,6.01365e+07,6.02427e+07,285564,317755,349946,2.35767e+06,2.42745e+06,2.49723e+06,7626.33,7910.18,8194.03
133,6.00272e+07,6.01339e+07,6.02406e+07,284190,316412,348635,2.3553e+06,2.42544e+06,2.49558e+06,7639.13,7923.64,8208.15
134,5.99872e+07,6.00944e+07,6.02015e+07,292145,324395,356645,2.37747e+06,2.44796e+06,2.51846e+06,7757.44,8042.81,8328.18
135,5.99986e+07,6.01062e+07,6.02138e+07,287103,319390,351677,2.36552e+06,2.43637e+06,2.50722e+06,7654.45,7941.25,8228.06
136,6.00267e+07,6.01347e+07,6.02427e+07,278006,310321,342635,2.34249e+06,2.41367e+06,2.48486e+06,7560.65,7848.05,8135.45
137,6.00239e+07,6.01323e+07,6.02407e+07,276732,309058,341384,2.33993e+06,2.41143e+06,2.48292e+06,7591.49,7879.16,8166.84
138,6.00197e+07,6.01284e+07,6.02372e+07,275866,308201,340535,2.33839e+06,2.41018e+06,2.48197e+06,7588.8,7877.19,8165.57
139,6.00377e+07,6.01469e+07,6.0256e+07,269519,301858,334197,2.32197e+06,2.39404e+06,2.46611e+06,7509.57,7798.66,8087.75
140,6.00083e+07,6.01178e+07,6.02272e+07,274959,307292,339625,2.33722e+06,2.40955e+06,2.48188e+06,7615.76,7905.16,8194.56
141,5.99195e+07,6.00293e+07,6.0139e+07,294878,327211,359545,2.39219e+06,2.46478e+06,2.53737e+06,7863.01,8153.44,8443.88
142,5.99281e+07,6.00382e+07,6.01483e+07,290712,323075,355437,2.38217e+06,2.45505e+06,2.52792e+06,7714.78,8007.21,8299.64
143,5.99612e+07,6.00717e+07,6.01821e+07,280661,313045,345430,2.35575e+06,2.42889e+06,2.50204e+06,7601.27,7894.18,8187.1
144,5.99961e+07,6.01068e+07,6.02176e+07,270357,302746,335135,2.32812e+06,2.40151e+06,2.47489e+06,7511.77,7804.72,8097.68
145,6.00256e+07,6.01366e+07,6.02476e+07,261520,293897,326274,2.30405e+06,2.37765e+06,2.45124e+06,7441.9,7734.79,8027.67
146,6.00665e+07,6.01777e+07,6.0289e+07,250083,282434,314785,2.27232e+06,2.3461e+06,2.41988e+06,7327.95,7620.78,7913.61
147,6.00613e+07,6.01727e+07,6.02841e+07,249919,282225,314531,2.27151e+06,2.34544e+06,2.41938e+06,7378.22,7670.73,7963.25
148,6.00386e+07,6.01501e+07,6.02617e+07,253943,286204,318464,2.28242e+06,2.3565e+06,2.43057e+06,7432.83,7725.7,8018.58
149,6.00355e+07,6.01472e+07,6.02589e+07,253235,285456,317676,2.2802e+06,2.35442e+06,2.42863e+06,7403.92,7697.42,7990.92
150,6.00296e+07,6.01414e+07,6.02533e+07,253223,285402,317581,2.2799e+06,2.35425e+06,2.42859e+06,7406.24,7700.05,7993.86
151,6.00334e+07,6.01453e+07,6.02573e+07,250916,283053,315190,2.27309e+06,2.34756e+06,2.42203e+06,7373.72,7667.86,7961.99
152,6.00449e+07,6.0157e+07,6.02691e+07,246819,278910,311001,2.26108e+06,2.33566e+06,2.41024e+06,7326.78,7621.07,7915.36
153,6.00527e+07,6.01649e+07,6.0277e+07,243688,275727,307766,2.25162e+06,2.3263e+06,2.40098e+06,7300.84,7595.12,7889.39
154,6.00661e+07,6.01784e+07,6.02906e+07,239280,271262,303243,2.23837e+06,2.31313e+06,2.38789e+06,7252.3,7546.58,7840.86
155,6.00746e+07,6.01868e+07,6.02991e+07,236111,268028,299945,2.22847e+06,2.30329e+06,2.37811e+06,7226.06,7520.22,7814.38
156,6.0095e+07,6.02073e+07,6.03197e+07,230187,262036,293884,2.21049e+06,2.28537e+06,2.36024e+06,7155.57,7449.64,7743.71
157,6.01178e+07,6.02302e+07,6.03425e+07,223808,255579,287350,2.19094e+06,2.26584e+06,2.34075e+06,7090.54,7384.28,7678.03
158,6.01245e+07,6.02368e+07,6.0349e+07,221292,252975,284659,2.18228e+06,2.25719e+06,2.3321e+06,7080.07,7373.39,7666.72
159,6.01206e+07,6.02329e+07,6.03451e+07,221246,252839,284433,2.18069e+06,2.25559e+06,2.33049e+06,7085.94,7379.06,7672.17
160,6.01275e+07,6.02397e+07,6.03518e+07,218735,250239,281743,2.17191e+06,2.2468e+06,2.3217e+06,7046.46,7339.52,7632.58
161,6.01501e+07,6.02622e+07,6.03743e+07,212632,244043,275453,2.15254e+06,2.22741e+06,2.30228e+06,6967.73,7260.54,7553.35
162,6.01786e+07,6.02906e+07,6.04026e+07,205255,236564,267873,2.12919e+06,2.20401e+06,2.27884e+06,6886.7,7178.95,7471.21
163,6.01836e+07,6.02955e+07,6.04073e+07,203393,234590,265787,2.1217e+06,2.19646e+06,2.27122e+06,6887.11,7178.66,7470.21
164,6.01827e+07,6.02944e+07,6.04061e+07,202926,234010,265093,2.11824e+06,2.19292e+06,2.26761e+06,6882,7173.18,7464.36
165,6.02071e+07,6.03187e+07,6.04302e+07,196660,227630,258600,2.09766e+06,2.17226e+06,2.24687e+06,6789.58,7080.47,7371.35
166,6.02125e+07,6.03239e+07,6.04352e+07,194830,225678,256526,2.08994e+06,2.16444e+06,2.23894e+06,6784.32,7074.47,7364.61
167,6.02593e+07,6.03705e+07,6.04816e+07,183608,214333,245058,2.05432e+06,2.12871e+06,2.20311e+06,6627.43,6917.11,7206.78
168,6.02559e+07,6.03668e+07,6.04777e+07,183947,214533,245119,2.05259e+06,2.12683e+06,2.20108e+06,6673.01,6961.47,7249.93
169,6.02538e+07,6.03644e+07,6.04751e+07,183989,214438,244888,2.04999e+06,2.12409e+06,2.19818e+06,6663.12,6951.15,7239.18
170,6.02726e+07,6.0383e+07,6.04933e+07,179306,209620,239935,2.0333e+06,2.10725e+06,2.1812e+06,6588.05,6875.63,7163.21
171,6.02711e+07,6.03812e+07,6.04912e+07,179278,209452,239626,2.03035e+06,2.10413e+06,2.17792e+06,6598.99,6885.75,7172.51
172,6.02104e+07,6.03202e+07,6.043e+07,192588,222623,252659,2.06737e+06,2.14099e+06,2.21461e+06,6777.73,7063.98,7350.23
173,6.01783e+07,6.02879e+07,6.03974e+07,199284,229203,259122,2.08505e+06,2.15855e+06,2.23204e+06,6805.87,7092.66,7379.45
174,6.01803e+07,6.02897e+07,6.03991e+07,198230,228045,257861,2.07968e+06,2.15307e+06,2.22646e+06,6752.91,7039.83,7326.76
175,6.01344e+07,6.02436e+07,6.03528e+07,207943,237655,267366,2.10675e+06,2.18004e+06,2.25332e+06,6890.12,7176.63,7463.14
176,6.0052e+07,6.01611e+07,6.02701e+07,225661,255285,284909,2.15843e+06,2.23163e+06,2.30483e+06,7095.43,7382.35,7669.28
177,5.99575e+07,6.00665e+07,6.01754e+07,245853,275419,304985,2.21834e+06,2.2915e+06,2.36466e+06,7303.12,7591.15,7879.18
178,5.98698e+07,5.99787e+07,6.00876e+07,264278,293819,323360,2.27372e+06,2.34689e+06,2.42007e+06,7476.02,7765.47,8054.91
179,5.98552e+07,5.99642e+07,6.00732e+07,266190,295736,325282,2.27957e+06,2.35279e+06,2.42602e+06,7412.6,7703.45,7994.31
180,5.98066e+07,5.99156e+07,6.00247e+07,275628,305183,334738,2.30848e+06,2.38176e+06,2.45505e+06,7544.82,7835.95,8127.08
181,5.97199e+07,5.98291e+07,5.99382e+07,293347,322926,352505,2.36315e+06,2.43651e+06,2.50986e+06,7765.31,8057.28,8349.26
182,5.96862e+07,5.97955e+07,5.99048e+07,299145,328778,358410,2.382e+06,2.45546e+06,2.52892e+06,7764.79,8058.28,8351.77
183,5.96234e+07,5.97328e+07,5.98423e+07,311279,340974,370670,2.42058e+06,2.49415e+06,2.56773e+06,7923.84,8218.06,8512.27
184,5.95767e+07,5.96863e+07,5.97959e+07,319703,349481,379258,2.44824e+06,2.52195e+06,2.59566e+06,7994.08,8289.52,8584.95
185,5.94952e+07,5.96051e+07,5.97149e+07,335645,365518,395392,2.4995e+06,2.57336e+06,2.64721e+06,8201.72,8498.15,8794.59
186,5.94906e+07,5.96007e+07,5.97108e+07,334545,364540,394536,2.49867e+06,2.5727e+06,2.64672e+06,8105.26,8403.29,8701.31
187,5.94609e+07,5.95712e+07,5.96816e+07,338951,369066,399181,2.51486e+06,2.58906e+06,2.66325e+06,8188.61,8487.05,8785.5
188,5.93596e+07,5.94702e+07,5.95808e+07,358922,389163,419403,2.57963e+06,2.65399e+06,2.72836e+06,8485.58,8784.82,9084.07
189,5.9326e+07,5.9437e+07,5.95479e+07,363863,394261,424660,2.59844e+06,2.67301e+06,2.74758e+06,8462.91,8764.1,9065.3
190,5.9285e+07,5.93963e+07,5.95076e+07,370364,400928,431491,2.62232e+06,2.6971e+06,2.77188e+06,8549.46,8851.61,9153.76
191,5.93192e+07,5.94308e+07,5.95425e+07,360445,391183,421921,2.59518e+06,2.67018e+06,2.74517e+06,8367.26,8670.49,8973.72
192,5.93457e+07,5.94576e+07,5.95696e+07,352336,383230,414123,2.57326e+06,2.64846e+06,2.72365e+06,8307.8,8610.96,8914.12
193,5.93174e+07,5.94297e+07,5.95419e+07,356198,387232,418266,2.58848e+06,2.66385e+06,2.73922e+06,8425.15,8728.3,9031.45
194,5.92795e+07,5.93921e+07,5.95046e+07,362101,393280,424458,2.61023e+06,2.68579e+06,2.76135e+06,8507.26,8811.23,9115.19
195,5.92549e+07,5.93677e+07,5.94806e+07,365062,396393,427725,2.62299e+06,2.69874e+06,2.77449e+06,8532.25,8837.19,9142.12
196,5.92323e+07,5.93454e+07,5.94586e+07,367552,399040,430528,2.63439e+06,2.71033e+06,2.78628e+06,8566.72,8872.44,9178.16
197,5.92204e+07,5.93339e+07,5.94474e+07,367687,399333,430979,2.63848e+06,2.71463e+06,2.79078e+06,8566.89,8873.37,9179.85
198,5.91979e+07,5.93118e+07,5.94256e+07,370103,401905,433708,2.64973e+06,2.72608e+06,2.80242e+06,8616.41,8923.49,9230.57
199,5.91814e+07,5.92956e+07,5.94098e+07,371208,403169,435130,2.65696e+06,2.7335e+06,2.81005e+06,8632.65,8940.49,9248.33
200,5.91158e+07,5.92303e+07,5.93448e+07,382912,415031,447150,2.69749e+06,2.77424e+06,2.85099e+06,8823.56,9132.08,9440.6
201,5.90266e+07,5.91414e+07,5.92563e+07,399575,431869,464163,2.75405e+06,2.83102e+06,2.90799e+06,9035.54,9345.49,9655.45
202,5.89007e+07,5.90159e+07,5.91312e+07,423945,456439,488934,2.83547e+06,2.91268e+06,2.98989e+06,9344.94,9656.72,9968.51
203,5.87994e+07,5.89152e+07,5.90309e+07,442680,475413,508146,2.90016e+06,2.97766e+06,3.05515e+06,9524.62,9838.84,10153.1
204,5.87156e+07,5.88319e+07,5.89481e+07,457434,490435,523435,2.95312e+06,3.03092e+06,3.10873e+06,9674.3,9990.66,10307
205,5.86031e+07,5.87199e+07,5.88367e+07,478195,511484,544773,3.02553e+06,3.10367e+06,3.1818e+06,9946.16,10264.4,10582.7
206,5.8517e+07,5.86344e+07,5.87518e+07,492981,526590,560199,3.08005e+06,3.15853e+06,3.23702e+06,10088.5,10409.2,10729.9
207,5.84576e+07,5.85756e+07,5.86936e+07,501831,535781,569730,3.11653e+06,3.19539e+06,3.27425e+06,10171.3,10494.1,10816.8
208,5.84334e+07,5.85521e+07,5.86708e+07,502951,537251,571551,3.1291e+06,3.20835e+06,3.28759e+06,10165,10489.5,10814
209,5.84286e+07,5.8548e+07,5.86673e+07,499884,534530,569177,3.12857e+06,3.2082e+06,3.28783e+06,10138.2,10463.9,10789.6
210,5.83629e+07,5.84829e+07,5.86029e+07,510017,544999,579980,3.16925e+06,3.24926e+06,3.32928e+06,10350.7,10677.4,11004
211,5.8298e+07,5.84187e+07,5.85393e+07,519842,555170,590498,3.20935e+06,3.28976e+06,3.37017e+06,10479.4,10807.9,11136.4
212,5.82411e+07,5.83624e+07,5.84838e+07,527832,563517,599202,3.24409e+06,3.32491e+06,3.40573e+06,10581.5,10911.8,11242.1
213,5.82006e+07,5.83227e+07,5.84448e+07,532139,568189,604239,3.26764e+06,3.34888e+06,3.43012e+06,10635.9,10968,11300.1
214,5.81185e+07,5.82413e+07,5.83641e+07,545431,581846,618261,3.31935e+06,3.40101e+06,3.48268e+06,10858.3,11191.9,11525.6
215,5.80793e+07,5.82028e+07,5.83264e+07,549267,586063,622859,3.34213e+06,3.42424e+06,3.50635e+06,10875.6,11211.4,11547.2
216,5.80594e+07,5.81838e+07,5.83081e+07,548827,586003,623180,3.35175e+06,3.43431e+06,3.51687e+06,10881.6,11218.9,11556.3
217,5.80302e+07,5.81553e+07,5.82804e+07,550443,587991,625540,3.36771e+06,3.45072e+06,3.53373e+06,10946.2,11285,11623.7
218,5.79839e+07,5.81098e+07,5.82356e+07,555748,593665,631582,3.39514e+06,3.4786e+06,3.56206e+06,11057.6,11397.7,11737.9
219,5.79231e+07,5.80498e+07,5.81764e+07,564157,602443,640730,3.43233e+06,3.51626e+06,3.60019e+06,11196.9,11538.8,11880.7
220,5.78469e+07,5.79744e+07,5.81018e+07,575838,614500,653163,3.47992e+06,3.56433e+06,3.64873e+06,11370.9,11714.8,12058.6
221,5.78045e+07,5.79328e+07,5.80611e+07,579970,619021,658071,3.50473e+06,3.58963e+06,3.67452e+06,11407.7,11753.7,12099.7
222,5.77523e+07,5.78814e+07,5.80106e+07,586196,625634,665071,3.5361e+06,3.6215e+06,3.70689e+06,11522.2,11869.9,12217.6
223,5.76978e+07,5.78278e+07,5.79578e+07,592847,632673,672500,3.56899e+06,3.6549e+06,3.7408e+06,11631.8,11981.4,12331
224,5.76615e+07,5.77923e+07,5.79232e+07,595429,635648,675867,3.58969e+06,3.67612e+06,3.76254e+06,11676,12027.5,12379.1
225,5.75925e+07,5.77242e+07,5.7856e+07,605176,645783,686390,3.63232e+06,3.71926e+06,3.80621e+06,11855.8,12209.1,12562.4
226,5.7513e+07,5.76456e+07,5.77782e+07,617123,658126,699129,3.682e+06,3.76948e+06,3.85697e+06,12030.1,12385.5,12741
227,5.74642e+07,5.75978e+07,5.77314e+07,622105,663515,704924,3.711e+06,3.79903e+06,3.88707e+06,12085.1,12442.9,12800.7
228,5.73739e+07,5.75084e+07,5.76429e+07,636245,678061,719876,3.76791e+06,3.85651e+06,3.94511e+06,12322.1,12681.8,13041.6
229,5.73148e+07,5.74502e+07,5.75857e+07,643290,685525,727761,3.80393e+06,3.89311e+06,3.98229e+06,12399.5,12761.8,13124.1
230,5.72757e+07,5.74121e+07,5.75485e+07,645786,688443,731100,3.82649e+06,3.91626e+06,4.00603e+06,12447.7,12812.2,13176.6
231,5.72171e+07,5.73545e+07,5.74919e+07,652588,695662,738737,3.86209e+06,3.95245e+06,4.04282e+06,12587.9,12954.3,13320.7
232,5.71818e+07,5.73203e+07,5.74587e+07,654079,697571,741064,3.88198e+06,3.97296e+06,4.06393e+06,12623.6,12992.2,13360.8
233,5.71463e+07,5.72858e+07,5.74252e+07,655614,699518,743422,3.90204e+06,3.99363e+06,4.08522e+06,12689.7,13060.3,13430.8
234,5.70917e+07,5.72322e+07,5.73726e+07,661409,705718,750026,3.93487e+06,4.02708e+06,4.11928e+06,12820.1,13192.6,13565
235,5.70217e+07,5.71631e+07,5.73046e+07,670587,715300,760012,3.978e+06,4.07083e+06,4.16367e+06,12978.8,13353.5,13728.2
236,5.69531e+07,5.70956e+07,5.72381e+07,679317,724439,769560,4.02016e+06,4.11364e+06,4.20711e+06,13113.9,13491,13868
237,5.69225e+07,5.7066e+07,5.72095e+07,679391,724926,770460,4.03694e+06,4.13107e+06,4.2252e+06,13122.9,13502.4,13881.9
238,5.68424e+07,5.6987e+07,5.71316e+07,690607,736545,782484,4.08674e+06,4.18152e+06,4.27631e+06,13344,13725.5,14107
239,5.68123e+07,5.69579e+07,5.71036e+07,690385,736735,783084,4.10313e+06,4.19859e+06,4.29405e+06,13337.9,13722,14106.1
240,5.67886e+07,5.69354e+07,5.70821e+07,688695,735445,782196,4.11514e+06,4.21127e+06,4.30741e+06,13370.2,13756.3,14142.4
241,5.67517e+07,5.68995e+07,5.70473e+07,690044,737184,784323,4.13599e+06,4.23281e+06,4.32962e+06,13454.4,13842.5,14230.6
242,5.66717e+07,5.68206e+07,5.69695e+07,701148,748669,796190,4.1856e+06,4.28309e+06,4.38059e+06,13665.6,14055.8,14446.1
243,5.66033e+07,5.67533e+07,5.69033e+07,709444,757354,805264,4.22742e+06,4.32561e+06,4.42381e+06,13787.9,14180.8,14573.7
244,5.6545e+07,5.66961e+07,5.68472e+07,715341,763643,811944,4.26255e+06,4.36145e+06,4.46034e+06,13890.5,14286,14681.4
245,5.65179e+07,5.66701e+07,5.68223e+07,714043,762735,811427,4.2768e+06,4.37642e+06,4.47604e+06,13901.8,14299.7,14697.6
246,5.65003e+07,5.66536e+07,5.68069e+07,710599,759670,808740,4.28467e+06,4.38501e+06,4.48534e+06,13917.8,14317.8,14717.8
247,5.64902e+07,5.66446e+07,5.67991e+07,705476,754911,804346,4.28742e+06,4.38847e+06,4.48953e+06,13919.7,14321.8,14723.8
248,5.64686e+07,5.66241e+07,5.67797e+07,703053,752836,802618,4.29777e+06,4.39954e+06,4.50131e+06,13967.5,14371.5,14775.4
249,5.64415e+07,5.65981e+07,5.67548e+07,701925,752043,802161,4.31174e+06,4.41423e+06,4.51672e+06,14020,14426,14832.1
250,5.64286e+07,5.65863e+07,5.6744e+07,697567,748010,798453,4.31619e+06,4.4194e+06,4.52261e+06,14020.4,14428.6,14836.7
251,5.64167e+07,5.65755e+07,5.67343e+07,693021,743775,794528,4.31984e+06,4.42377e+06,4.5277e+06,14032.5,14442.7,14852.8
252,5.63892e+07,5.6549e+07,5.67089e+07,692147,743197,794246,4.33393e+06,4.43857e+06,4.54321e+06,14096.1,14508.2,14920.3
253,5.63877e+07,5.65487e+07,5.67096e+07,685289,736625,787960,4.33051e+06,4.43586e+06,4.54122e+06,14059.1,14473.3,14887.6
254,5.63523e+07,5.65143e+07,5.66763e+07,686335,737939,789544,4.3497e+06,4.45576e+06,4.56183e+06,14157.6,14573.7,14989.8
255,5.63221e+07,5.64852e+07,5.66482e+07,686156,738023,789890,4.36534e+06,4.47212e+06,4.57889e+06,14203.9,14622.2,15040.5
256,5.63129e+07,5.64769e+07,5.6641e+07,681184,733306,785427,4.36699e+06,4.47449e+06,4.58198e+06,14189.3,14609.8,15030.2
257,5.62897e+07,5.64548e+07,5.66199e+07,679465,731827,784189,4.37781e+06,4.48601e+06,4.59421e+06,14239.5,14661.9,15084.2
258,5.62635e+07,5.64296e+07,5.65957e+07,678483,731076,783670,4.39065e+06,4.49955e+06,4.60845e+06,14285.2,14709.6,15134.1
259,5.61947e+07,5.63618e+07,5.65289e+07,687316,740132,792947,4.43193e+06,4.54154e+06,4.65115e+06,14461.3,14887.8,15314.4
260,5.61483e+07,5.63164e+07,5.64845e+07,690845,743887,796930,4.45821e+06,4.56853e+06,4.67885e+06,14525.1,14954.2,15383.3
261,5.61385e+07,5.63076e+07,5.64767e+07,685925,739192,792458,4.46003e+06,4.57107e+06,4.6821e+06,14496.7,14928.1,15359.5
262,5.61048e+07,5.62749e+07,5.64451e+07,686563,740040,793517,4.47774e+06,4.58948e+06,4.70122e+06,14578,15011.4,15444.8
263,5.60618e+07,5.6233e+07,5.64041e+07,689327,743009,796692,4.50165e+06,4.6141e+06,4.72654e+06,14665.1,15100.7,15536.2
264,5.60093e+07,5.61814e+07,5.63535e+07,694247,748130,802014,4.53195e+06,4.64511e+06,4.75826e+06,14773,15210.8,15648.7
265,5.59552e+07,5.61283e+07,5.63014e+07,699439,753524,807609,4.56328e+06,4.67715e+06,4.79101e+06,14876.6,15316.8,15757
266,5.58943e+07,5.60683e+07,5.62424e+07,706114,760400,814686,4.5992e+06,4.71378e+06,4.82836e+06,14999.9,15442.5,15885.1
267,5.584e+07,5.60151e+07,5.61901e+07,711158,765647,820135,4.63067e+06,4.74596e+06,4.86126e+06,15096.3,15541.4,15986.5
268,5.58006e+07,5.59767e+07,5.61527e+07,712720,767411,822103,4.65216e+06,4.76818e+06,4.88419e+06,15152.9,15600.5,16048
269,5.57325e+07,5.59096e+07,5.60866e+07,720799,775689,830579,4.69287e+06,4.8096e+06,4.92633e+06,15311.7,15761.5,16211.4
270,5.56695e+07,5.58475e+07,5.60255e+07,727602,782693,837785,4.73023e+06,4.84769e+06,4.96515e+06,15428.8,15881.2,16333.6
271,5.56095e+07,5.57885e+07,5.59675e+07,733605,788901,844196,4.7656e+06,4.88379e+06,5.00197e+06,15541.3,15996.2,16451.1
272,5.55437e+07,5.57237e+07,5.59037e+07,740798,796298,851799,4.8048e+06,4.92371e+06,5.04263e+06,15674.1,16131.5,16588.9
273,5.54879e+07,5.56689e+07,5.58499e+07,745621,801329,857037,4.83736e+06,4.95701e+06,5.07665e+06,15771.3,16231.3,16691.3
274,5.54185e+07,5.56005e+07,5.57825e+07,753428,809343,865258,4.87904e+06,4.99941e+06,5.11979e+06,15919.2,16381.6,16844.1
275,5.53266e+07,5.55096e+07,5.56925e+07,766202,822328,878453,4.93594e+06,5.05706e+06,5.17817e+06,16124.3,16589.3,17054.4
276,5.52964e+07,5.54803e+07,5.56643e+07,764821,821166,877511,4.95132e+06,5.07318e+06,5.19505e+06,16119.8,16587.7,17055.6
277,5.52172e+07,5.54022e+07,5.55872e+07,774491,831047,887604,4.99966e+06,5.12226e+06,5.24486e+06,16320.7,16790.9,17261.1
278,5.51562e+07,5.53421e+07,5.55281e+07,779909,836682,893455,5.03579e+06,5.15914e+06,5.28249e+06,16422.5,16895.4,17368.3
279,5.51201e+07,5.53071e+07,5.54941e+07,779625,836615,893605,5.05507e+06,5.17917e+06,5.30326e+06,16463.9,16939.3,17414.7
280,5.50547e+07,5.52427e+07,5.54307e+07,785917,843116,900316,5.09412e+06,5.21896e+06,5.3438e+06,16617,17094.8,17572.5
281,5.50125e+07,5.52015e+07,5.53905e+07,786909,844319,901729,5.11751e+06,5.24309e+06,5.36867e+06,16673.4,17153.8,17634.1
282,5.49605e+07,5.51505e+07,5.53405e+07,790051,847667,905282,5.14743e+06,5.27376e+06,5.40008e+06,16779.8,17262.5,17745.2
283,5.48626e+07,5.50536e+07,5.52446e+07,803363,861180,918998,5.20845e+06,5.33551e+06,5.46258e+06,17017.8,17502.9,17988.1
284,5.47881e+07,5.49801e+07,5.51721e+07,811237,869267,927297,5.25371e+06,5.38152e+06,5.50933e+06,17145.1,17633.1,18121.2
285,5.47437e+07,5.49367e+07,5.51296e+07,812303,870548,928793,5.27861e+06,5.40717e+06,5.53573e+06,17200.9,17691.6,18182.3
286,5.4694e+07,5.4888e+07,5.5082e+07,814503,872958,931413,5.30702e+06,5.43633e+06,5.56564e+06,17298.4,17791.5,18284.7
287,5.46598e+07,5.48548e+07,5.50497e+07,813248,871909,930570,5.32491e+06,5.45496e+06,5.58502e+06,17344.3,17839.8,18335.4
288,5.46076e+07,5.48036e+07,5.49995e+07,815970,874828,933685,5.35495e+06,5.48574e+06,5.61653e+06,17457.9,17955.7,18453.5
289,5.45604e+07,5.47574e+07,5.49543e+07,817534,876586,935638,5.38154e+06,5.51307e+06,5.6446e+06,17540.8,18041.1,18541.4
290,5.4502e+07,5.46999e+07,5.48978e+07,821529,880770,940012,5.41576e+06,5.54802e+06,5.68028e+06,17662,18164.7,18667.4
291,5.44533e+07,5.46522e+07,5.4851e+07,823334,882763,942191,5.44338e+06,5.57637e+06,5.70936e+06,17744.5,18249.6,18754.7
292,5.44046e+07,5.46045e+07,5.48044e+07,825074,884686,944298,5.47088e+06,5.6046e+06,5.73832e+06,17834.5,18342,18849.5
293,5.43719e+07,5.45727e+07,5.47735e+07,823330,883121,942913,5.48756e+06,5.622e+06,5.75644e+06,17876.6,18386.5,18896.3
294,5.43252e+07,5.4527e+07,5.47287e+07,824629,884591,944552,5.51363e+06,5.6488e+06,5.78396e+06,17973.5,18485.6,18997.8
295,5.42882e+07,5.44909e+07,5.46936e+07,823818,883945,944073,5.53312e+06,5.66899e+06,5.80487e+06,18029.9,18544.3,19058.8
296,5.4269e+07,5.44726e+07,5.46763e+07,819162,879448,939734,5.54036e+06,5.67695e+06,5.81353e+06,18040.1,18556.8,19073.4
297,5.42345e+07,5.44391e+07,5.46436e+07,817887,878321,938754,5.55798e+06,5.69526e+06,5.83254e+06,18110.7,18629.4,19148.1
298,5.41976e+07,5.4403e+07,5.46085e+07,817154,877728,938301,5.5772e+06,5.71516e+06,5.85313e+06,18176,18696.9,19217.7
299,5.4182e+07,5.43883e+07,5.45947e+07,811860,872567,933274,5.58179e+06,5.72044e+06,5.85909e+06,18175.1,18698.2,19221.2
300,5.41877e+07,5.4395e+07,5.46022e+07,802098,862926,923755,5.57169e+06,5.71102e+06,5.85034e+06,18127,18652,19176.9
301,5.41651e+07,5.43731e+07,5.45812e+07,798574,859508,920442,5.58092e+06,5.72089e+06,5.86087e+06,18180.4,18707.1,19233.8
302,5.41738e+07,5.43827e+07,5.45916e+07,788432,849462,910492,5.56858e+06,5.7092e+06,5.84983e+06,18117.5,18646.1,19174.7
303,5.41727e+07,5.43824e+07,5.45921e+07,780551,841661,902771,5.56282e+06,5.70407e+06,5.84532e+06,18107.7,18638,19168.2
304,5.41929e+07,5.44034e+07,5.46139e+07,768308,829484,890660,5.54239e+06,5.68425e+06,5.82611e+06,18026.8,18558.7,19090.6
305,5.41871e+07,5.43984e+07,5.46096e+07,761783,823007,884232,5.53966e+06,5.68211e+06,5.82456e+06,18038.9,18572.2,19105.5
306,5.41707e+07,5.43827e+07,5.45946e+07,757609,818871,880133,5.54411e+06,5.68714e+06,5.83016e+06,18062.3,18597.2,19132.1
307,5.41623e+07,5.43749e+07,5.45876e+07,751832,813123,874414,5.54303e+06,5.68662e+06,5.8302e+06,18054,18590.5,19127.1
308,5.41695e+07,5.43828e+07,5.45962e+07,742878,804187,865497,5.53113e+06,5.67526e+06,5.8194e+06,18005.1,18543.1,19081.2
309,5.41779e+07,5.43919e+07,5.46059e+07,733833,795148,856464,5.5183e+06,5.66297e+06,5.80764e+06,17963.8,18503.3,19042.8
310,5.41749e+07,5.43895e+07,5.46042e+07,727333,788641,849949,5.51322e+06,5.6584e+06,5.80359e+06,17956.7,18497.5,19038.3
311,5.41921e+07,5.44073e+07,5.46225e+07,716747,778038,839330,5.4942e+06,5.63988e+06,5.78556e+06,17881.7,18423.8,18966
312,5.42144e+07,5.44302e+07,5.4646e+07,705279,766539,827800,5.47152e+06,5.61767e+06,5.76383e+06,17805.8,18349,18892.3
313,5.42354e+07,5.44518e+07,5.46681e+07,694287,755502,816716,5.44963e+06,5.59624e+06,5.74285e+06,17737,18281.2,18825.5
314,5.42381e+07,5.44549e+07,5.46718e+07,687295,748450,809605,5.44031e+06,5.58735e+06,5.73439e+06,17720.6,18265.9,18811.1
315,5.42145e+07,5.44318e+07,5.46491e+07,685837,746924,808010,5.44898e+06,5.59643e+06,5.74388e+06,17767.6,18313.9,18860.2
316,5.42137e+07,5.44315e+07,5.46493e+07,679714,740729,801743,5.44191e+06,5.58976e+06,5.73762e+06,17729.7,18277.3,18824.9
317,5.41884e+07,5.44067e+07,5.46249e+07,678716,739651,800585,5.45161e+06,5.59986e+06,5.7481e+06,17778.6,18327.2,18875.8
318,5.41874e+07,5.44061e+07,5.46247e+07,672781,733633,794485,5.4446e+06,5.59322e+06,5.74185e+06,17740.1,18289.9,18839.7
319,5.41968e+07,5.44159e+07,5.4635e+07,664820,725582,786344,5.43033e+06,5.57932e+06,5.72831e+06,17687.5,18238.3,18789.1
320,5.42185e+07,5.44379e+07,5.46574e+07,654500,715163,775826,5.40751e+06,5.55685e+06,5.70618e+06,17606.2,18157.8,18709.4
321,5.42069e+07,5.44267e+07,5.46465e+07,651132,711684,772236,5.40761e+06,5.55727e+06,5.70693e+06,17629.5,18181.8,18734.1
322,5.42153e+07,5.44355e+07,5.46556e+07,643751,704189,764626,5.39379e+06,5.54376e+06,5.69373e+06,17572,18125.2,18678.4
323,5.42082e+07,5.44286e+07,5.4649e+07,639663,699977,760292,5.39072e+06,5.54098e+06,5.69123e+06,17573,18126.9,18680.8
324,5.42126e+07,5.44333e+07,5.4654e+07,633307,693494,753680,5.37957e+06,5.53011e+06,5.68065e+06,17529.9,18084.5,18639.1
325,5.42159e+07,5.44369e+07,5.46579e+07,627287,687340,747392,5.36915e+06,5.51994e+06,5.67074e+06,17497.4,18052.7,18607.9
326,5.42003e+07,5.44215e+07,5.46427e+07,625179,685091,745003,5.3718e+06,5.52284e+06,5.67388e+06,17518.9,18074.8,18630.6
327,5.41695e+07,5.43909e+07,5.46123e+07,626141,685911,745680,5.38492e+06,5.5362e+06,5.68747e+06,17571.8,18128.3,18684.8
328,5.408e+07,5.43016e+07,5.45232e+07,638793,698421,758049,5.43869e+06,5.59019e+06,5.74169e+06,17784.5,18341.9,18899.2
329,5.40317e+07,5.42536e+07,5.44754e+07,643026,702527,762028,5.46396e+06,5.61571e+06,5.76746e+06,17840.2,18398.9,18957.6
330,5.3965e+07,5.41871e+07,5.44092e+07,650829,710206,769584,5.50198e+06,5.65398e+06,5.80597e+06,17976,18535.7,19095.4
331,5.39015e+07,5.41238e+07,5.43461e+07,657867,717130,776393,5.53785e+06,5.6901e+06,5.84235e+06,18090.7,18651.6,19212.5
332,5.38911e+07,5.41137e+07,5.43362e+07,654298,713455,772611,5.53683e+06,5.68934e+06,5.84185e+06,18052.9,18615,19177.1
333,5.38304e+07,5.40532e+07,5.4276e+07,660683,719729,778775,5.57073e+06,5.72349e+06,5.87625e+06,18196.4,18759.2,19322
334,5.37536e+07,5.39766e+07,5.41997e+07,670103,729046,787989,5.61584e+06,5.76885e+06,5.92186e+06,18353.8,18917.7,19481.7
335,5.37231e+07,5.39464e+07,5.41697e+07,670294,729144,787994,5.62874e+06,5.78201e+06,5.93528e+06,18365.5,18930.7,19495.9
336,5.36983e+07,5.39219e+07,5.41454e+07,669388,728146,786903,5.63771e+06,5.79124e+06,5.94476e+06,18391.4,18957.5,19523.6
337,5.35664e+07,5.37902e+07,5.4014e+07,689261,747926,806590,5.72117e+06,5.87494e+06,6.02871e+06,18733.3,19300.3,19867.2
338,5.35067e+07,5.37308e+07,5.39549e+07,694802,753394,811987,5.75443e+06,5.90848e+06,6.06252e+06,18794.1,19362.8,19931.5
339,5.34808e+07,5.37051e+07,5.39294e+07,693743,752270,810796,5.76422e+06,5.91855e+06,6.07287e+06,18803.9,19373.7,19943.6
340,5.34583e+07,5.36829e+07,5.39075e+07,692021,750481,808940,5.77152e+06,5.92611e+06,6.0807e+06,18825.7,19396.5,19967.2
341,5.34874e+07,5.37123e+07,5.39372e+07,680463,738854,797244,5.74283e+06,5.89768e+06,6.05253e+06,18698.7,19270.3,19841.9
342,5.34454e+07,5.36705e+07,5.38956e+07,682683,740993,799303,5.76369e+06,5.91877e+06,6.07385e+06,18814.4,19386.4,19958.3
343,5.34074e+07,5.36328e+07,5.38581e+07,684085,742316,800548,5.78169e+06,5.937e+06,6.09232e+06,18870.6,19443.5,20016.3
344,5.33702e+07,5.35957e+07,5.38213e+07,685320,743475,801630,5.79917e+06,5.95472e+06,6.11026e+06,18927.4,19501.1,20074.8
345,5.33472e+07,5.3573e+07,5.37988e+07,683836,741916,799996,5.80668e+06,5.96244e+06,6.11821e+06,18942.7,19517.3,20091.9
346,5.33267e+07,5.35527e+07,5.37787e+07,681906,739910,797914,5.81241e+06,5.96839e+06,6.12438e+06,18960.2,19535.5,20110.7
347,5.3296e+07,5.35222e+07,5.37484e+07,681922,739848,797773,5.82524e+06,5.98143e+06,6.13762e+06,19009.1,19585,20161
348,5.32672e+07,5.34936e+07,5.372e+07,681570,739418,797266,5.83669e+06,5.99308e+06,6.14948e+06,19045.4,19622.1,20198.8
349,5.32692e+07,5.34958e+07,5.37224e+07,675485,733255,791026,5.82658e+06,5.98317e+06,6.13977e+06,18992.7,19570.1,20147.5
350,5.32804e+07,5.35072e+07,5.3734e+07,667791,725478,783165,5.80996e+06,5.96673e+06,6.12351e+06,18933.2,19511,20088.8
351,5.33113e+07,5.35383e+07,5.37652e+07,656585,714181,771778,5.77949e+06,5.93643e+06,6.09336e+06,18822,19400.1,19978.2
352,5.33271e+07,5.35542e+07,5.37812e+07,648372,705866,763360,5.75954e+06,5.91662e+06,6.0737e+06,18767.9,19346.1,19924.2
353,5.33176e+07,5.35447e+07,5.37719e+07,644965,702350,759735,5.75729e+06,5.91449e+06,6.07169e+06,18777.6,19355.9,19934.2
354,5.33332e+07,5.35604e+07,5.37877e+07,636988,694261,751534,5.73734e+06,5.89465e+06,6.05196e+06,18696.9,19275.5,19854.1
355,5.33244e+07,5.35517e+07,5.3779e+07,633633,690787,747941,5.73451e+06,5.89192e+06,6.04932e+06,18704.1,19282.7,19861.4
356,5.3351e+07,5.35783e+07,5.38056e+07,623862,680895,737927,5.7068e+06,5.86429e+06,6.02178e+06,18591.6,19170.5,19749.4
357,5.33746e+07,5.3602e+07,5.38294e+07,614787,671690,728592,5.68107e+06,5.83862e+06,5.99617e+06,18510.5,19089.3,19668
358,5.33794e+07,5.36067e+07,5.38341e+07,609308,666073,722837,5.66859e+06,5.82618e+06,5.98377e+06,18482.6,19061.2,19639.8
359,5.33635e+07,5.35909e+07,5.38182e+07,607652,664275,720897,5.67053e+06,5.82815e+06,5.98577e+06,18502.4,19080.9,19659.5
360,5.33647e+07,5.35921e+07,5.38194e+07,602939,659420,715900,5.66047e+06,5.81812e+06,5.97576e+06,18459.1,19037.8,19616.4
361,5.33657e+07,5.3593e+07,5.38203e+07,598342,654678,711013,5.65054e+06,5.8082e+06,5.96586e+06,18427.3,19005.9,19584.5
362,5.33478e+07,5.35751e+07,5.38023e+07,597216,653404,709591,5.65384e+06,5.8115e+06,5.96916e+06,18450.3,19028.8,19607.3
363,5.33534e+07,5.35805e+07,5.38077e+07,591902,647941,703981,5.64065e+06,5.79831e+06,5.95597e+06,18392.8,18971.4,19549.9
364,5.33507e+07,5.35778e+07,5.38049e+07,588144,644032,699921,5.63321e+06,5.79085e+06,5.9485e+06,18374.2,18952.5,19530.8
365,5.33968e+07,5.36237e+07,5.38507e+07,575742,631478,687213,5.59146e+06,5.74908e+06,5.9067e+06,18208,18786.2,19364.3
366,5.3418e+07,5.36448e+07,5.38717e+07,567974,623546,679118,5.56715e+06,5.72472e+06,5.88229e+06,18145.3,18722.8,19300.4
367,5.34224e+07,5.36492e+07,5.38759e+07,563306,618708,674111,5.55459e+06,5.71209e+06,5.86959e+06,18115.3,18692.4,19269.5
368,5.34503e+07,5.36769e+07,5.39035e+07,554558,609789,665020,5.52552e+06,5.68294e+06,5.84037e+06,18006.4,18583.2,19159.9
369,5.34493e+07,5.36757e+07,5.3902e+07,551076,606129,661183,5.51681e+06,5.67414e+06,5.83146e+06,17996.5,18572.7,19148.8
370,5.34591e+07,5.36853e+07,5.39115e+07,545720,600594,655468,5.50039e+06,5.65761e+06,5.81483e+06,17936.5,18512.3,19088
371,5.34656e+07,5.36915e+07,5.39175e+07,541050,595742,650434,5.48636e+06,5.64347e+06,5.80057e+06,17893.3,18468.5,19043.8
372,5.35097e+07,5.37355e+07,5.39612e+07,529822,584329,638837,5.44574e+06,5.60272e+06,5.7597e+06,17738,18312.7,18887.4
373,5.35288e+07,5.37543e+07,5.39797e+07,523182,577496,631811,5.42281e+06,5.57964e+06,5.73646e+06,17679.5,18253.3,18827.1
374,5.35379e+07,5.37632e+07,5.39884e+07,518368,572486,626604,5.4068e+06,5.56346e+06,5.72012e+06,17633.7,18206.8,18779.9
375,5.35181e+07,5.37431e+07,5.3968e+07,518692,572611,626531,5.4112e+06,5.56768e+06,5.72416e+06,17666,18238.4,18810.8
376,5.34911e+07,5.37157e+07,5.39404e+07,520273,573996,627719,5.4207e+06,5.57701e+06,5.73332e+06,17701.4,18273.4,18845.3
377,5.34782e+07,5.37025e+07,5.39269e+07,519364,572896,626428,5.42023e+06,5.57637e+06,5.73251e+06,17691.1,18262.7,18834.3
378,5.34699e+07,5.3694e+07,5.39181e+07,517651,570994,624336,5.41644e+06,5.57241e+06,5.72838e+06,17675.9,18247,18818.1
379,5.34754e+07,5.36992e+07,5.3923e+07,513591,566745,619898,5.40299e+06,5.55879e+06,5.71458e+06,17623.7,18194.2,18764.8
380,5.34762e+07,5.36997e+07,5.39232e+07,510406,563370,616334,5.39285e+06,5.54846e+06,5.70408e+06,17593.7,18163.6,18733.5
381,5.34833e+07,5.37065e+07,5.39297e+07,506167,558940,611714,5.37819e+06,5.53362e+06,5.68904e+06,17542.2,18111.4,18680.6
382,5.34384e+07,5.36613e+07,5.38842e+07,510955,563537,616119,5.40026e+06,5.55549e+06,5.71072e+06,17646.5,18214.9,18783.4
383,5.34044e+07,5.3627e+07,5.38496e+07,513780,566178,618576,5.4146e+06,5.56964e+06,5.72468e+06,17686.2,18254.4,18822.6
384,5.33532e+07,5.35755e+07,5.37978e+07,519524,571744,623963,5.44114e+06,5.59601e+06,5.75087e+06,17783.4,18351.2,18919.1
385,5.3338e+07,5.356e+07,5.3782e+07,518997,571046,623095,5.4422e+06,5.5969e+06,5.7516e+06,17763.9,18331.6,18899.3
386,5.33269e+07,5.35487e+07,5.37704e+07,517777,569657,621538,5.44036e+06,5.5949e+06,5.74943e+06,17755.3,18322.6,18889.8
387,5.33073e+07,5.35288e+07,5.37503e+07,518022,569736,621450,5.44453e+06,5.5989e+06,5.75326e+06,17774.3,18341.1,18907.8
388,5.32818e+07,5.3503e+07,5.37242e+07,519276,570826,622376,5.45292e+06,5.60712e+06,5.76132e+06,17805.4,18371.8,18938.1
389,5.32109e+07,5.34318e+07,5.36527e+07,528194,579584,630974,5.49334e+06,5.64738e+06,5.80141e+06,17966,18532,19097.9
390,5.31783e+07,5.3399e+07,5.36197e+07,530480,581721,632962,5.50667e+06,5.66056e+06,5.81446e+06,17984.6,18550.6,19116.6
391,5.31633e+07,5.33837e+07,5.36042e+07,529758,580855,631952,5.50757e+06,5.66133e+06,5.81508e+06,17976.1,18541.9,19107.6
392,5.31526e+07,5.33728e+07,5.35931e+07,528315,579270,630225,5.50541e+06,5.65902e+06,5.81264e+06,17966.3,18531.7,19097.1
393,5.31571e+07,5.33771e+07,5.35971e+07,524343,575157,625970,5.4925e+06,5.64597e+06,5.79944e+06,17914.5,18479.4,19044.4
394,5.31468e+07,5.33665e+07,5.35863e+07,522915,573585,624254,5.49006e+06,5.64338e+06,5.7967e+06,17916.3,18480.7,19045.1
395,5.31483e+07,5.33678e+07,5.35873e+07,519522,570049,620577,5.47923e+06,5.63239e+06,5.78556e+06,17873.4,18437.3,19001.2
396,5.3148e+07,5.33672e+07,5.35865e+07,516492,566875,617259,5.46971e+06,5.62271e+06,5.77571e+06,17843.7,18407.1,18970.4
397,5.3142e+07,5.3361e+07,5.358e+07,514448,564688,614927,5.46418e+06,5.61702e+06,5.76986e+06,17829.6,18392.3,18955
398,5.31507e+07,5.33694e+07,5.35882e+07,509988,560083,610179,5.44823e+06,5.6009e+06,5.75357e+06,17768.1,18330.3,18892.5
399,5.31581e+07,5.33766e+07,5.3595e+07,505811,555760,605710,5.4332e+06,5.58569e+06,5.73817e+06,17720.2,18281.7,18843.2
400,5.31773e+07,5.33955e+07,5.36137e+07,499735,549536,599338,5.40978e+06,5.56207e+06,5.71437e+06,17636.3,18197.1,18757.9
401,5.3176e+07,5.33938e+07,5.36117e+07,497157,546807,596457,5.40095e+06,5.55305e+06,5.70515e+06,17621.3,18181.2,18741.2
402,5.31959e+07,5.34134e+07,5.3631e+07,491109,540607,590105,5.37705e+06,5.52895e+06,5.68084e+06,17529.6,18088.9,18648.1
403,5.31952e+07,5.34125e+07,5.36297e+07,488529,537872,587214,5.3677e+06,5.51938e+06,5.67105e+06,17512.8,18071.2,18629.5
404,5.31984e+07,5.34153e+07,5.36322e+07,485364,534551,583738,5.35567e+06,5.50712e+06,5.65858e+06,17471.2,18028.8,18586.4
405,5.32081e+07,5.34247e+07,5.36413e+07,481166,530197,579228,5.33897e+06,5.4902e+06,5.64143e+06,17412.6,17969.4,18526.3
406,5.3204e+07,5.34202e+07,5.36365e+07,479284,528157,577031,5.33205e+06,5.48304e+06,5.63403e+06,17399.2,17955.1,18511.1
407,5.32178e+07,5.34337e+07,5.36496e+07,474509,523225,571941,5.31246e+06,5.46322e+06,5.61398e+06,17323.7,17878.9,18434.1
408,5.32516e+07,5.34671e+07,5.36827e+07,466536,515093,563650,5.27868e+06,5.4292e+06,5.57971e+06,17200.7,17755,18309.3
409,5.32906e+07,5.35058e+07,5.3721e+07,457828,506220,554613,5.24121e+06,5.39146e+06,5.54171e+06,17075.6,17628.8,18181.9
410,5.33031e+07,5.35179e+07,5.37327e+07,453553,501775,549997,5.22252e+06,5.37249e+06,5.52246e+06,17032.4,17584.3,18136.2
411,5.32785e+07,5.34929e+07,5.37072e+07,455370,503420,551469,5.23018e+06,5.37987e+06,5.52956e+06,17081.6,17632.5,18183.3
412,5.32971e+07,5.35111e+07,5.37251e+07,450140,498022,545903,5.20715e+06,5.35656e+06,5.50597e+06,16978.1,17528.3,18078.4
413,5.33187e+07,5.35322e+07,5.37458e+07,444513,492225,539937,5.18208e+06,5.3312e+06,5.48031e+06,16894.7,17443.8,17992.8
414,5.33436e+07,5.35567e+07,5.37698e+07,438427,485965,533504,5.15465e+06,5.30346e+06,5.45228e+06,16803.4,17351.2,17899.1
415,5.33752e+07,5.35879e+07,5.38006e+07,431325,478687,526050,5.12239e+06,5.2709e+06,5.41941e+06,16694,17240.7,17787.3
416,5.33877e+07,5.36e+07,5.38122e+07,427416,474599,521781,5.10378e+06,5.25196e+06,5.40014e+06,16646.1,17191.5,17736.8
417,5.34724e+07,5.36842e+07,5.3896e+07,411933,458933,505934,5.03393e+06,5.18178e+06,5.32963e+06,16371.6,16915.8,17459.9
418,5.35001e+07,5.37114e+07,5.39226e+07,405832,452639,499446,5.00457e+06,5.15206e+06,5.29954e+06,16313.9,16856.2,17398.5
419,5.35205e+07,5.37313e+07,5.3942e+07,400974,447584,494195,4.98036e+06,5.12747e+06,5.27458e+06,16239.9,16780.7,17321.5
420,5.3556e+07,5.37662e+07,5.39764e+07,393772,440184,486596,4.94552e+06,5.09225e+06,5.23897e+06,16116.7,16656.2,17195.6
421,5.35813e+07,5.3791e+07,5.40006e+07,388280,434489,480699,4.91786e+06,5.06419e+06,5.21051e+06,16033.3,16571.2,17109
422,5.36208e+07,5.38298e+07,5.40389e+07,380607,426612,472618,4.88024e+06,5.02616e+06,5.17208e+06,15901.8,16438.1,16974.5
423,5.36449e+07,5.38534e+07,5.40619e+07,375474,421270,467067,4.85348e+06,4.99897e+06,5.14446e+06,15824.6,16359.3,16894
424,5.36364e+07,5.38442e+07,5.40521e+07,375631,421216,466802,4.84995e+06,4.995e+06,5.14006e+06,15834.2,16367.3,16900.3
425,5.36533e+07,5.38606e+07,5.40679e+07,371710,417089,462467,4.82833e+06,4.97296e+06,5.11759e+06,15747,16278.8,16810.6
426,5.37039e+07,5.39106e+07,5.41173e+07,362473,407644,452815,4.78285e+06,4.92706e+06,5.07126e+06,15577,16107.3,16637.7
427,5.37315e+07,5.39375e+07,5.41436e+07,357019,401976,446933,4.75374e+06,4.89749e+06,5.04124e+06,15497.4,16025.8,16554.3
428,5.37222e+07,5.39276e+07,5.41331e+07,357491,402233,446975,4.75078e+06,4.89407e+06,5.03736e+06,15511.5,16038.3,16565.1
429,5.3703e+07,5.39078e+07,5.41126e+07,359536,404065,448595,4.75489e+06,4.89773e+06,5.04057e+06,15531.1,16056.5,16582
430,5.36917e+07,5.38959e+07,5.41001e+07,360288,404611,448934,4.75338e+06,4.89578e+06,5.03818e+06,15520.6,16044.9,16569.1
431,5.37053e+07,5.39089e+07,5.41125e+07,357080,401200,445321,4.73424e+06,4.87621e+06,5.01818e+06,15441.7,15964.6,16487.6
432,5.3682e+07,5.3885e+07,5.40879e+07,359761,403679,447597,4.74131e+06,4.88285e+06,5.02438e+06,15488.9,16010.4,16531.9
433,5.36911e+07,5.38935e+07,5.40959e+07,357259,400981,444702,4.72535e+06,4.86646e+06,5.00757e+06,15415,15935.4,16455.7
434,5.36829e+07,5.38847e+07,5.40865e+07,357527,401052,444577,4.7217e+06,4.86238e+06,5.00307e+06,15414.5,15933.4,16452.4
435,5.36864e+07,5.38876e+07,5.40888e+07,355942,399274,442606,4.70977e+06,4.85004e+06,4.99031e+06,15367.5,15885.2,16403
436,5.3662e+07,5.38626e+07,5.40632e+07,358781,401922,445062,4.71768e+06,4.85753e+06,4.99738e+06,15411.8,15928.2,16444.6
437,5.3653e+07,5.3853e+07,5.40531e+07,359144,402099,445054,4.71464e+06,4.85408e+06,4.99353e+06,15391.2,15906.5,16421.8
438,5.36448e+07,5.38443e+07,5.40438e+07,359372,402145,444918,4.71104e+06,4.85009e+06,4.98914e+06,15378.7,15892.8,16406.9
439,5.36397e+07,5.38386e+07,5.40376e+07,359097,401691,444285,4.70523e+06,4.84388e+06,4.98254e+06,15357.3,15870.3,16383.2
440,5.36292e+07,5.38276e+07,5.4026e+07,359669,402087,444505,4.70325e+06,4.84152e+06,4.97978e+06,15354.3,15866.1,16377.9
441,5.35923e+07,5.37902e+07,5.3988e+07,364383,406627,448872,4.72007e+06,4.85795e+06,4.99583e+06,15427.1,15937.8,16448.4
442,5.35775e+07,5.37749e+07,5.39722e+07,365554,407633,449713,4.72116e+06,4.85867e+06,4.99619e+06,15414.9,15924.7,16434.6
443,5.35932e+07,5.379e+07,5.39869e+07,361935,403853,445771,4.70063e+06,4.83779e+06,4.97494e+06,15326.4,15835.3,16344.1
444,5.36011e+07,5.37975e+07,5.39938e+07,359565,401320,443076,4.68559e+06,4.82238e+06,4.95918e+06,15282.8,15790.3,16297.9
445,5.3593e+07,5.37888e+07,5.39846e+07,359745,401338,442931,4.68203e+06,4.81846e+06,4.95488e+06,15282.4,15788.7,16295
446,5.35855e+07,5.37808e+07,5.39761e+07,359810,401244,442678,4.678e+06,4.81406e+06,4.95012e+06,15268.6,15773.8,16279
447,5.35511e+07,5.37459e+07,5.39407e+07,364070,405347,446624,4.6931e+06,4.82881e+06,4.96451e+06,15336.6,15840.8,16344.9
448,5.34772e+07,5.36716e+07,5.38659e+07,374422,415550,456677,4.73628e+06,4.87164e+06,5.007e+06,15505.2,16008.6,16511.9
449,5.34667e+07,5.36606e+07,5.38545e+07,374769,415760,456751,4.73442e+06,4.86946e+06,5.0045e+06,15453,15956,16459.1
450,5.35038e+07,5.36973e+07,5.38907e+07,367690,408547,449405,4.69864e+06,4.83337e+06,4.9681e+06,15301.5,15803.6,16305.7
451,5.3515e+07,5.3708e+07,5.3901e+07,364735,405453,446171,4.68135e+06,4.81575e+06,4.95016e+06,15264.3,15765.1,16265.8
452,5.35309e+07,5.37234e+07,5.3916e+07,361082,401661,442240,4.66072e+06,4.7948e+06,4.92887e+06,15193.7,15693.2,16192.8
453,5.35476e+07,5.37396e+07,5.39317e+07,357355,397793,438231,4.63957e+06,4.7733e+06,4.90704e+06,15124.2,15622.5,16120.8
454,5.35314e+07,5.3723e+07,5.39146e+07,358758,399053,439349,4.6418e+06,4.7752e+06,4.90859e+06,15155.4,15652.4,16149.5
455,5.35135e+07,5.37046e+07,5.38957e+07,360411,400568,440725,4.6453e+06,4.77836e+06,4.91142e+06,15167.8,15664,16160.1
456,5.35086e+07,5.36992e+07,5.38899e+07,360022,400044,440067,4.63953e+06,4.77226e+06,4.90499e+06,15139.1,15634.4,16129.6
457,5.34721e+07,5.36624e+07,5.38526e+07,364499,404389,444279,4.6562e+06,4.78861e+06,4.92101e+06,15216.5,15710.8,16205.1
458,5.34967e+07,5.36866e+07,5.38764e+07,359502,399267,439031,4.62943e+06,4.76152e+06,4.89362e+06,15083.5,15577.1,16070.7
459,5.35303e+07,5.37197e+07,5.3909e+07,353186,392822,432458,4.5963e+06,4.72807e+06,4.85985e+06,14969,15461.3,15953.7
460,5.35254e+07,5.37143e+07,5.39032e+07,352873,392376,431879,4.59061e+06,4.72205e+06,4.85349e+06,14979.3,15470.3,15961.3
461,5.35373e+07,5.37258e+07,5.39143e+07,349959,389330,428702,4.57289e+06,4.704e+06,4.8351e+06,14908.7,15398.7,15888.6
462,5.35569e+07,5.37449e+07,5.39329e+07,345908,385147,424387,4.54976e+06,4.68053e+06,4.81131e+06,14827.6,15316.4,15805.2
463,5.3575e+07,5.37625e+07,5.395e+07,342145,381251,420356,4.52777e+06,4.6582e+06,4.78863e+06,14757.2,15244.7,15732.2
464,5.35877e+07,5.37748e+07,5.39619e+07,339233,378203,417173,4.50955e+06,4.63964e+06,4.76972e+06,14701.7,15188,15674.2
465,5.36201e+07,5.38066e+07,5.39932e+07,333350,372184,411018,4.4774e+06,4.60713e+06,4.73687e+06,14582.2,15067.2,15552.2
466,5.36463e+07,5.38324e+07,5.40185e+07,328470,367164,405858,4.44962e+06,4.57899e+06,4.70836e+06,14496.4,14980,15463.5
467,5.36904e+07,5.3876e+07,5.40616e+07,320908,359458,398009,4.40911e+06,4.53811e+06,4.66711e+06,14351.1,14833.2,15315.3
468,5.37214e+07,5.39064e+07,5.40915e+07,315459,353861,392264,4.37808e+06,4.50669e+06,4.6353e+06,14260.3,14740.7,15221.2
469,5.378e+07,5.39646e+07,5.41491e+07,305825,344076,382327,4.32729e+06,4.4555e+06,4.58371e+06,14074.2,14553.1,15032
470,5.38358e+07,5.40198e+07,5.42038e+07,296742,334834,372926,4.27859e+06,4.40638e+06,4.53417e+06,13918.2,14395.2,14872.2
471,5.38742e+07,5.40576e+07,5.4241e+07,290417,328344,366270,4.24234e+06,4.36969e+06,4.49704e+06,13813.4,14288.5,14763.6
472,5.38847e+07,5.40674e+07,5.42502e+07,288439,326196,363952,4.22609e+06,4.35299e+06,4.47989e+06,13781.3,14254.6,14727.9
473,5.39012e+07,5.40834e+07,5.42655e+07,285546,323134,360722,4.20552e+06,4.33197e+06,4.45842e+06,13709.5,14181.4,14653.2
474,5.39055e+07,5.4087e+07,5.42686e+07,284554,321973,359392,4.19373e+06,4.31973e+06,4.44572e+06,13680.1,14150.3,14620.5
475,5.39243e+07,5.41053e+07,5.42862e+07,281338,318589,355840,4.17155e+06,4.29709e+06,4.42263e+06,13596.6,14065.4,14534.2
476,5.39535e+07,5.41339e+07,5.43142e+07,276576,313659,350741,4.14202e+06,4.26711e+06,4.3922e+06,13492.6,13959.8,14427
477,5.39716e+07,5.41513e+07,5.4331e+07,273568,310479,347391,4.1205e+06,4.24513e+06,4.36975e+06,13430.8,13896.2,14361.7
478,5.39847e+07,5.41638e+07,5.43429e+07,271335,308076,344816,4.1025e+06,4.22667e+06,4.35083e+06,13375.6,13839.5,14303.4
479,5.39682e+07,5.41467e+07,5.43252e+07,273636,310206,346775,4.10565e+06,4.22935e+06,4.35305e+06,13407.9,13870.2,14332.5
480,5.39644e+07,5.41423e+07,5.43201e+07,273975,310379,346783,4.09979e+06,4.22304e+06,4.34628e+06,13378.8,13839.9,14300.9
481,5.39474e+07,5.41247e+07,5.43019e+07,276315,312556,348797,4.10335e+06,4.22615e+06,4.34896e+06,13400.1,13859.8,14319.6
482,5.39533e+07,5.413e+07,5.43067e+07,275126,311209,347291,4.09056e+06,4.21293e+06,4.33529e+06,13340.4,13799,14257.5
483,5.39551e+07,5.41312e+07,5.43073e+07,274580,310506,346431,4.08076e+06,4.2027e+06,4.32464e+06,13311.5,13768.6,14225.8
484,5.39427e+07,5.41182e+07,5.42937e+07,276192,311963,347733,4.08109e+06,4.20261e+06,4.32412e+06,13323.2,13779,14234.8
485,5.39475e+07,5.41225e+07,5.42974e+07,275154,310773,346393,4.06913e+06,4.19023e+06,4.31132e+06,13270.4,13725.1,14179.7
486,5.39217e+07,5.40961e+07,5.42705e+07,278787,314256,349726,4.07907e+06,4.19975e+06,4.32044e+06,13326.6,13779.9,14233.2
487,5.39053e+07,5.40791e+07,5.42529e+07,280948,316274,351600,4.08234e+06,4.20262e+06,4.32291e+06,13329.4,13781.7,14234.1
488,5.38386e+07,5.40119e+07,5.41852e+07,290715,325902,361088,4.12148e+06,4.24137e+06,4.36127e+06,13496.5,13947.8,14399.1
489,5.37689e+07,5.39417e+07,5.41146e+07,300819,335879,370939,4.16276e+06,4.2823e+06,4.40183e+06,13633.3,14084.1,14535
490,5.37131e+07,5.38855e+07,5.40579e+07,308689,343635,378581,4.19412e+06,4.31333e+06,4.43254e+06,13723.9,14174.4,14625
491,5.36781e+07,5.38501e+07,5.40221e+07,313289,348132,382974,4.21056e+06,4.32947e+06,4.44837e+06,13759.8,14210,14660.1
492,5.36309e+07,5.38025e+07,5.39741e+07,319688,354433,389178,4.23576e+06,4.35438e+06,4.473e+06,13851.9,14301.5,14751
493,5.36409e+07,5.38121e+07,5.39834e+07,317320,351976,386633,4.22002e+06,4.33837e+06,4.45671e+06,13751.7,14200.9,14650.1
494,5.36048e+07,5.37757e+07,5.39465e+07,321969,356536,391104,4.23731e+06,4.35538e+06,4.47345e+06,13847.2,14295.4,14743.5
495,5.35477e+07,5.37182e+07,5.38887e+07,329739,364224,398709,4.26964e+06,4.38744e+06,4.50525e+06,13970.2,14417.9,14865.6
496,5.35254e+07,5.36956e+07,5.38658e+07,332129,366541,400954,4.277e+06,4.39456e+06,4.51213e+06,13963.7,14411.2,14858.7
497,5.34592e+07,5.36291e+07,5.37989e+07,341132,375476,409819,4.31584e+06,4.43317e+06,4.5505e+06,14128.3,14575.3,15022.2
498,5.34636e+07,5.36332e+07,5.38027e+07,339350,373637,407923,4.30412e+06,4.42124e+06,4.53836e+06,14027.5,14474.5,14921.4
499,5.34267e+07,5.35959e+07,5.37652e+07,343824,378052,412281,4.32201e+06,4.43891e+06,4.55582e+06,14122.3,14568.5,15014.7
500,5.33728e+07,5.35418e+07,5.37109e+07,350784,384960,419136,4.352e+06,4.4687e+06,4.5854e+06,14234.8,14680.7,15126.6
501,5.33082e+07,5.34769e+07,5.36457e+07,359283,393416,427549,4.38975e+06,4.50626e+06,4.62277e+06,14367.3,14813.1,15258.9
502,5.3281e+07,5.34495e+07,5.36181e+07,362022,396122,430223,4.40062e+06,4.51696e+06,4.6333e+06,14368.4,14814.2,15260.1
503,5.32791e+07,5.34474e+07,5.36158e+07,360924,394996,429068,4.3934e+06,4.50958e+06,4.62576e+06,14321.5,14767,15212.6
504,5.3221e+07,5.33891e+07,5.35572e+07,368283,402326,436369,4.42648e+06,4.54249e+06,4.65851e+06,14480.8,14925.8,15370.9
505,5.32027e+07,5.33707e+07,5.35386e+07,369552,403575,437598,4.43096e+06,4.54683e+06,4.66269e+06,14458.2,14903.3,15348.4
506,5.32195e+07,5.33873e+07,5.3555e+07,365550,399555,433560,4.41035e+06,4.52607e+06,4.64179e+06,14358.2,14803,15247.8
507,5.3236e+07,5.34036e+07,5.35711e+07,361635,395619,429602,4.38994e+06,4.50551e+06,4.62108e+06,14292.2,14736.3,15180.3
508,5.32661e+07,5.34335e+07,5.36009e+07,355729,389686,423643,4.35979e+06,4.4752e+06,4.59061e+06,14181.6,14624.9,15068.2
509,5.32585e+07,5.34257e+07,5.35928e+07,355546,389471,423396,4.35673e+06,4.47197e+06,4.58721e+06,14207,14649.4,15091.8
510,5.32636e+07,5.34305e+07,5.35975e+07,353454,387348,421242,4.34455e+06,4.45962e+06,4.57469e+06,14155.4,14597.3,15039.2
511,5.32637e+07,5.34305e+07,5.35972e+07,352128,385988,419849,4.33594e+06,4.45084e+06,4.56574e+06,14132,14573.2,15014.5
512,5.32722e+07,5.34387e+07,5.36052e+07,349573,383400,417226,4.3214e+06,4.43612e+06,4.55085e+06,14076.8,14517.5,14958.1
513,5.32886e+07,5.34549e+07,5.36212e+07,345860,379650,413440,4.30117e+06,4.41572e+06,4.53027e+06,14003.6,14443.6,14883.5
514,5.32971e+07,5.34632e+07,5.36293e+07,343352,377102,410853,4.28656e+06,4.40092e+06,4.51529e+06,13963.4,14402.5,14841.7
515,5.33283e+07,5.34942e+07,5.366e+07,337498,371206,404915,4.25575e+06,4.36993e+06,4.48411e+06,13842.2,14280.6,14719
516,5.3332e+07,5.34976e+07,5.36632e+07,335816,369477,403138,4.24471e+06,4.35869e+06,4.47267e+06,13832,14269.4,14706.8
517,5.33234e+07,5.34888e+07,5.36542e+07,335977,369589,403201,4.24246e+06,4.35624e+06,4.47002e+06,13835.9,14272.6,14709.3
518,5.32981e+07,5.34633e+07,5.36284e+07,338628,372193,405757,4.25222e+06,4.3658e+06,4.47939e+06,13883.1,14319.2,14755.3
519,5.32742e+07,5.34391e+07,5.3604e+07,341049,374570,408090,4.26105e+06,4.37445e+06,4.48784e+06,13910.4,14346.1,14781.9
520,5.32632e+07,5.34279e+07,5.35926e+07,341495,374974,408454,4.26055e+06,4.37376e+06,4.48698e+06,13896.3,14331.7,14767.1
521,5.32882e+07,5.34526e+07,5.36171e+07,336564,370004,403444,4.23425e+06,4.34728e+06,4.46032e+06,13776.7,14211.5,14646.4
522,5.33207e+07,5.3485e+07,5.36492e+07,330558,363954,397350,4.20253e+06,4.31538e+06,4.42823e+06,13666.6,14100.5,14534.5
523,5.32841e+07,5.34481e+07,5.36121e+07,334942,368287,401632,4.2205e+06,4.33315e+06,4.4458e+06,13790.1,14223.1,14656
524,5.32814e+07,5.34452e+07,5.3609e+07,334206,367507,400807,4.21411e+06,4.32658e+06,4.43904e+06,13737.1,14169.8,14602.5
525,5.32755e+07,5.34391e+07,5.36026e+07,333954,367210,400466,4.21005e+06,4.32232e+06,4.4346e+06,13726.8,14158.9,14591
526,5.32895e+07,5.34528e+07,5.36162e+07,330736,363947,397158,4.19173e+06,4.30382e+06,4.41591e+06,13648.2,14079.8,14511.3
527,5.33055e+07,5.34686e+07,5.36317e+07,327244,360408,393571,4.17195e+06,4.28385e+06,4.39575e+06,13582,14012.7,14443.4
528,5.3312e+07,5.34749e+07,5.36378e+07,325209,358322,391435,4.15902e+06,4.27073e+06,4.38244e+06,13549,13978.9,14408.8
529,5.33375e+07,5.35001e+07,5.36627e+07,320366,353427,386488,4.13251e+06,4.24403e+06,4.35554e+06,13444.8,13873.9,14303.1
530,5.33237e+07,5.3486e+07,5.36484e+07,321440,354444,387448,4.13424e+06,4.24554e+06,4.35685e+06,13487.6,13915.8,14344
531,5.33199e+07,5.34821e+07,5.36442e+07,320989,353938,386888,4.12872e+06,4.23983e+06,4.35094e+06,13459.9,13887.6,14315.2
532,5.33215e+07,5.34834e+07,5.36453e+07,319740,352635,385530,4.11938e+06,4.23029e+06,4.3412e+06,13424.3,13851.3,14278.4
533,5.33287e+07,5.34904e+07,5.36521e+07,317668,350508,383348,4.10605e+06,4.21676e+06,4.32747e+06,13375.5,13801.9,14228.2
534,5.33644e+07,5.35258e+07,5.36872e+07,311361,344144,376927,4.07228e+06,4.18279e+06,4.2933e+06,13238.5,13664.1,14089.7
535,5.3363e+07,5.35242e+07,5.36853e+07,310659,343380,376100,4.06517e+06,4.17546e+06,4.28576e+06,13250.8,13675.3,14099.8
536,5.33702e+07,5.35311e+07,5.3692e+07,308685,341343,374000,4.05193e+06,4.16201e+06,4.2721e+06,13199.5,13623.3,14047.1
537,5.33835e+07,5.35442e+07,5.37048e+07,305801,338394,370988,4.03426e+06,4.14412e+06,4.25399e+06,13136,13559,13982
538,5.33758e+07,5.35362e+07,5.36966e+07,306097,338624,371151,4.03174e+06,4.1414e+06,4.25105e+06,13147.8,13570,13992.1
539,5.33515e+07,5.35116e+07,5.36717e+07,308868,341330,373792,4.04117e+06,4.1506e+06,4.26004e+06,13194.1,13615.6,14037.1
540,5.33161e+07,5.3476e+07,5.36358e+07,313261,345662,378062,4.05855e+06,4.16779e+06,4.27702e+06,13261,13682.1,14103.2
541,5.32602e+07,5.34199e+07,5.35795e+07,320659,353004,385348,4.09063e+06,4.19967e+06,4.30871e+06,13384.9,13805.7,14226.6
542,5.32398e+07,5.33992e+07,5.35587e+07,322663,354960,387258,4.09725e+06,4.20611e+06,4.31497e+06,13371.8,13792.6,14213.4
543,5.32146e+07,5.33738e+07,5.35331e+07,325350,357604,389858,4.10729e+06,4.21598e+06,4.32467e+06,13408.9,13829.4,14249.8
544,5.31823e+07,5.33414e+07,5.35004e+07,329063,361276,393490,4.12242e+06,4.23096e+06,4.33949e+06,13464.9,13885.1,14305.3
545,5.31281e+07,5.3287e+07,5.34458e+07,336008,368185,400363,4.15331e+06,4.26169e+06,4.37007e+06,13587,14007,14427
546,5.30995e+07,5.32582e+07,5.34168e+07,339045,371194,403344,4.16585e+06,4.27409e+06,4.38233e+06,13602.1,14022.2,14442.3
547,5.30675e+07,5.3226e+07,5.33845e+07,342540,374665,406791,4.18078e+06,4.28889e+06,4.39701e+06,13653.8,14073.8,14493.7
548,5.3056e+07,5.32144e+07,5.33728e+07,342914,375020,407127,4.18095e+06,4.28894e+06,4.39693e+06,13633.4,14053.2,14473.1
549,5.30707e+07,5.3229e+07,5.33872e+07,339371,371459,403546,4.16235e+06,4.27022e+06,4.37809e+06,13546.1,13965.7,14385.2
550,5.30593e+07,5.32174e+07,5.33756e+07,339763,371828,403892,4.16248e+06,4.27022e+06,4.37797e+06,13573.1,13992,14410.9
551,5.30393e+07,5.31973e+07,5.33552e+07,341443,373486,405529,4.16885e+06,4.27647e+06,4.3841e+06,13602.6,14021.1,14439.7
552,5.30127e+07,5.31705e+07,5.33284e+07,344078,376101,408124,4.17992e+06,4.28743e+06,4.39493e+06,13645.1,14063.5,14481.8
553,5.29459e+07,5.31036e+07,5.32613e+07,352691,384697,416704,4.21991e+06,4.32731e+06,4.4347e+06,13816.3,14234.5,14652.7
554,5.28917e+07,5.30493e+07,5.32069e+07,359304,391304,423304,4.25081e+06,4.3581e+06,4.4654e+06,13903.8,14322.3,14740.9
555,5.28555e+07,5.3013e+07,5.31705e+07,363149,395150,427151,4.2688e+06,4.37601e+06,4.48323e+06,13943.5,14362.3,14781.1
556,5.28247e+07,5.29822e+07,5.31396e+07,366127,398133,430139,4.28286e+06,4.39e+06,4.49715e+06,13983.3,14402.2,14821.1
557,5.2843e+07,5.30004e+07,5.31578e+07,361726,393741,425756,4.26162e+06,4.36869e+06,4.47577e+06,13862.1,14281.1,14700
558,5.28455e+07,5.30029e+07,5.31602e+07,359743,391762,423780,4.25177e+06,4.35877e+06,4.46577e+06,13847.1,14265.6,14684
559,5.28399e+07,5.29972e+07,5.31544e+07,358995,391014,423034,4.24777e+06,4.3547e+06,4.46162e+06,13842.8,14260.8,14678.9
560,5.28459e+07,5.30031e+07,5.31603e+07,356517,388537,420556,4.23543e+06,4.34228e+06,4.44912e+06,13790.4,14208.1,14625.9
561,5.28405e+07,5.29976e+07,5.31546e+07,355777,387793,419810,4.23133e+06,4.33809e+06,4.44486e+06,13789.2,14206.5,14623.9
562,5.28335e+07,5.29905e+07,5.31475e+07,355275,387287,419300,4.22836e+06,4.33504e+06,4.44172e+06,13781.1,14198.2,14615.3
563,5.28367e+07,5.29936e+07,5.31506e+07,353244,385252,417260,4.21801e+06,4.32462e+06,4.43122e+06,13736.6,14153.5,14570.3
564,5.28319e+07,5.29887e+07,5.31456e+07,352435,384436,416437,4.21346e+06,4.31998e+06,4.4265e+06,13730.4,14146.8,14563.2
565,5.28427e+07,5.29995e+07,5.31563e+07,349296,381290,413283,4.19767e+06,4.30411e+06,4.41054e+06,13662.5,14078.6,14494.8
566,5.28584e+07,5.30151e+07,5.31717e+07,345477,377459,409441,4.17845e+06,4.2848e+06,4.39114e+06,13595.1,14010.8,14426.4
567,5.28339e+07,5.29904e+07,5.3147e+07,347700,379666,411632,4.18812e+06,4.29437e+06,4.40062e+06,13668.9,14084,14499.1
568,5.28381e+07,5.29946e+07,5.31511e+07,345599,377552,409505,4.17713e+06,4.28329e+06,4.38945e+06,13602.8,14017.8,14432.8
569,5.28368e+07,5.29932e+07,5.31496e+07,344334,376271,408208,4.17006e+06,4.27613e+06,4.3822e+06,13585.6,14000.1,14414.7
570,5.28442e+07,5.30005e+07,5.31568e+07,341804,373724,405644,4.15686e+06,4.26284e+06,4.36882e+06,13533.7,13947.9,14362.1
571,5.28488e+07,5.3005e+07,5.31612e+07,339703,371603,403504,4.14562e+06,4.2515e+06,4.35738e+06,13500,13913.8,14327.5
572,5.28716e+07,5.30277e+07,5.31838e+07,334895,366773,398651,4.12126e+06,4.22704e+06,4.33282e+06,13401.7,13815,14228.3
573,5.29134e+07,5.30694e+07,5.32254e+07,327313,359164,391015,4.08333e+06,4.18901e+06,4.29468e+06,13258.9,13671.5,14084.2
574,5.29558e+07,5.31117e+07,5.32676e+07,319719,351535,383351,4.04496e+06,4.15052e+06,4.25607e+06,13134.2,13545.9,13957.6
575,5.29642e+07,5.31199e+07,5.32756e+07,317308,349080,380852,4.0311e+06,4.13652e+06,4.24194e+06,13124.9,13535.6,13946.3
576,5.29766e+07,5.31322e+07,5.32877e+07,314321,346047,377774,4.01438e+06,4.11966e+06,4.22495e+06,13066.4,13476.6,13886.7
577,5.29727e+07,5.31281e+07,5.32836e+07,313796,345474,377152,4.00934e+06,4.11449e+06,4.21963e+06,13066.8,13476.3,13885.8
578,5.29941e+07,5.31493e+07,5.33046e+07,309503,341132,372761,3.98623e+06,4.09124e+06,4.19624e+06,12965.6,13374.7,13783.7
579,5.29756e+07,5.31307e+07,5.32858e+07,311213,342789,374365,3.9917e+06,4.09656e+06,4.20142e+06,13024.4,13432.7,13841
580,5.29936e+07,5.31485e+07,5.33035e+07,307438,338964,370489,3.97101e+06,4.07573e+06,4.18044e+06,12919.4,13327.4,13735.4
581,5.30219e+07,5.31767e+07,5.33314e+07,302159,333630,365101,3.94295e+06,4.04751e+06,4.15208e+06,12817.7,13224.9,13632.2
582,5.30107e+07,5.31653e+07,5.33198e+07,302864,334276,365687,3.94329e+06,4.0477e+06,4.15211e+06,12859.6,13265.9,13672.3
583,5.3027e+07,5.31814e+07,5.33358e+07,299426,330779,362132,3.92386e+06,4.02812e+06,4.13238e+06,12768,13173.9,13579.9
584,5.30035e+07,5.31577e+07,5.33119e+07,302001,333293,364585,3.93306e+06,4.03716e+06,4.14126e+06,12838.8,13244,13649.2
585,5.30167e+07,5.31707e+07,5.33248e+07,299035,330269,361503,3.91592e+06,4.01987e+06,4.12382e+06,12745.1,13150,13555
586,5.30132e+07,5.31671e+07,5.33209e+07,298601,329774,360948,3.91076e+06,4.01455e+06,4.11835e+06,12745.5,13149.7,13554
587,5.30153e+07,5.31689e+07,5.33226e+07,297339,328452,359565,3.90165e+06,4.00529e+06,4.10893e+06,12710.1,13113.8,13517.6
588,5.30232e+07,5.31767e+07,5.33301e+07,295204,326255,357307,3.88833e+06,3.99182e+06,4.0953e+06,12660.6,13063.8,13467
589,5.29912e+07,5.31445e+07,5.32978e+07,299082,330071,361059,3.90366e+06,4.00699e+06,4.11031e+06,12751.5,13154.1,13556.6
590,5.29662e+07,5.31194e+07,5.32725e+07,301870,332801,363731,3.91402e+06,4.0172e+06,4.12037e+06,12777.8,13180.2,13582.6
591,5.29578e+07,5.31108e+07,5.32637e+07,302126,333002,363879,3.91247e+06,4.0155e+06,4.11854e+06,12755.3,13157.4,13559.6
592,5.29574e+07,5.31101e+07,5.32629e+07,301178,332001,362823,3.9052e+06,4.0081e+06,4.11099e+06,12723.2,13124.9,13526.7
593,5.29406e+07,5.30932e+07,5.32458e+07,302693,333461,364229,3.90967e+06,4.01243e+06,4.11519e+06,12754.7,13156,13557.2
594,5.28983e+07,5.30508e+07,5.32032e+07,308020,338736,369453,3.93247e+06,4.03509e+06,4.13771e+06,12855.5,13256.4,13657.4
595,5.28737e+07,5.3026e+07,5.31783e+07,310631,341301,371972,3.94261e+06,4.0451e+06,4.1476e+06,12869.6,13270.6,13671.6
596,5.28363e+07,5.29885e+07,5.31407e+07,315109,345737,376365,3.96184e+06,4.06422e+06,4.1666e+06,12945.5,13346.3,13747.2
597,5.27815e+07,5.29336e+07,5.30856e+07,322160,352751,383342,3.99364e+06,4.09591e+06,4.19819e+06,13067.5,13468.4,13869.2
598,5.27363e+07,5.28883e+07,5.30402e+07,327677,358239,388802,4.01854e+06,4.12072e+06,4.2229e+06,13138,13539.2,13940.3
599,5.27143e+07,5.28662e+07,5.3018e+07,329632,360172,390713,4.02676e+06,4.12885e+06,4.23095e+06,13139.3,13540.6,13942
600,5.26817e+07,5.28334e+07,5.29852e+07,333166,363687,394207,4.04266e+06,4.14468e+06,4.2467e+06,13202.6,13603.9,14005.1
601,5.26601e+07,5.28117e+07,5.29634e+07,334988,365492,395997,4.05059e+06,4.15254e+06,4.25449e+06,13216.1,13617.4,14018.7
602,5.26805e+07,5.28321e+07,5.29837e+07,330466,360957,391449,4.0283e+06,4.13018e+06,4.23206e+06,13097,13498.2,13899.5
603,5.26754e+07,5.2827e+07,5.29785e+07,329833,360306,390778,4.02437e+06,4.12618e+06,4.22798e+06,13112.7,13513.3,13914
604,5.26247e+07,5.27761e+07,5.29276e+07,336064,366517,396971,4.0533e+06,4.15503e+06,4.25676e+06,13257,13657.5,14057.9
605,5.25827e+07,5.2734e+07,5.28854e+07,340898,371340,401781,4.07593e+06,4.1776e+06,4.27926e+06,13320.8,13721.6,14122.3
606,5.2547e+07,5.26984e+07,5.28497e+07,344707,375142,405577,4.09395e+06,4.19556e+06,4.29717e+06,13372.2,13773.1,14174.1
607,5.25258e+07,5.26771e+07,5.28284e+07,346304,376737,407170,4.10161e+06,4.20317e+06,4.30474e+06,13380.8,13781.9,14183
608,5.25212e+07,5.26725e+07,5.28237e+07,345388,375821,406254,4.09733e+06,4.19885e+06,4.30037e+06,13348.1,13749.2,14150.3
609,5.25239e+07,5.26752e+07,5.28264e+07,343388,373819,404251,4.08781e+06,4.18928e+06,4.29075e+06,13308.9,13709.8,14110.7
610,5.25093e+07,5.26604e+07,5.28116e+07,344016,374443,404871,4.0908e+06,4.19222e+06,4.29364e+06,13338.3,13738.9,14139.6
611,5.25143e+07,5.26655e+07,5.28166e+07,341671,372095,402520,4.07957e+06,4.18094e+06,4.28232e+06,13279.4,13680,14080.5
612,5.24974e+07,5.26485e+07,5.27995e+07,342653,373071,403489,4.0842e+06,4.18552e+06,4.28684e+06,13319.4,13719.7,14119.9
613,5.25011e+07,5.26521e+07,5.28032e+07,340528,370941,401354,4.07397e+06,4.17524e+06,4.27651e+06,13262.8,13663,14063.1
614,5.24564e+07,5.26074e+07,5.27584e+07,345667,376072,406478,4.09855e+06,4.19977e+06,4.30099e+06,13397.4,13797.2,14197.1
615,5.24575e+07,5.26084e+07,5.27593e+07,343902,374305,404709,4.09026e+06,4.19143e+06,4.29261e+06,13318.5,13718.6,14118.8
616,5.24376e+07,5.25885e+07,5.27394e+07,345279,375679,406078,4.09699e+06,4.19812e+06,4.29925e+06,13364.1,13764,14163.9
617,5.24459e+07,5.25968e+07,5.27477e+07,342418,372815,403213,4.08344e+06,4.18452e+06,4.28561e+06,13287.9,13687.8,14087.7
618,5.246e+07,5.26109e+07,5.27617e+07,338731,369122,399513,4.06575e+06,4.16679e+06,4.26783e+06,13224.1,13623.6,14023.2
619,5.24483e+07,5.25991e+07,5.27499e+07,338948,369329,399711,4.06665e+06,4.16764e+06,4.26862e+06,13256.5,13655.6,14054.7
620,5.24926e+07,5.26433e+07,5.27941e+07,330788,361159,391530,4.02726e+06,4.1282e+06,4.22913e+06,13065,13464,13863
621,5.25054e+07,5.2656e+07,5.28067e+07,327441,357793,388145,4.01058e+06,4.11145e+06,4.21232e+06,13047.1,13445.3,13843.4
622,5.25172e+07,5.26678e+07,5.28184e+07,324271,354600,384929,3.99458e+06,4.09537e+06,4.19617e+06,12996.3,13394,13791.7
623,5.25136e+07,5.26641e+07,5.28146e+07,323442,353744,384047,3.98968e+06,4.0904e+06,4.19112e+06,12997.8,13395,13792.2
624,5.25152e+07,5.26657e+07,5.28161e+07,321842,352117,382393,3.98104e+06,4.08168e+06,4.18233e+06,12963.9,13360.8,13757.8
625,5.25193e+07,5.26697e+07,5.28201e+07,319885,350132,380379,3.97062e+06,4.07118e+06,4.17174e+06,12927.2,13323.8,13720.4
626,5.25586e+07,5.27089e+07,5.28592e+07,312695,342911,373127,3.93491e+06,4.0354e+06,4.13588e+06,12772,13168.2,13564.4
627,5.25832e+07,5.27334e+07,5.28836e+07,307783,337960,368138,3.90978e+06,4.01017e+06,4.11056e+06,12707.3,13102.6,13498
628,5.26054e+07,5.27554e+07,5.29055e+07,303291,333425,363559,3.88643e+06,3.98671e+06,4.087e+06,12634.4,13029.1,13423.7
629,5.26042e+07,5.27541e+07,5.29041e+07,302347,332433,362519,3.87991e+06,3.98008e+06,4.08026e+06,12639.2,13033.1,13427.1
630,5.26486e+07,5.27984e+07,5.29482e+07,294587,324625,354662,3.84058e+06,3.94064e+06,4.04071e+06,12461.1,12854.7,13248.3
631,5.26738e+07,5.28235e+07,5.29732e+07,289787,319768,349748,3.81508e+06,3.91502e+06,4.01496e+06,12399.9,12792.5,13185.1
632,5.2677e+07,5.28266e+07,5.29761e+07,288337,318256,348175,3.80545e+06,3.90526e+06,4.00506e+06,12392.8,12784.6,13176.5
633,5.26986e+07,5.2848e+07,5.29973e+07,284157,314014,343871,3.78265e+06,3.88232e+06,3.98199e+06,12298.7,12690,13081.3
634,5.27205e+07,5.28697e+07,5.3019e+07,279961,309752,339543,3.75957e+06,3.8591e+06,3.95863e+06,12223.5,12614,13004.5
635,5.27367e+07,5.28857e+07,5.30347e+07,276688,306409,336130,3.74072e+06,3.8401e+06,3.93948e+06,12168.7,12558.5,12948.2
636,5.2755e+07,5.29038e+07,5.30527e+07,273119,302767,332416,3.72031e+06,3.81953e+06,3.91876e+06,12100.1,12489.1,12878.1
637,5.27515e+07,5.29002e+07,5.30489e+07,272846,302418,331991,3.71556e+06,3.81463e+06,3.91369e+06,12108.1,12496.4,12884.6
638,5.27243e+07,5.28728e+07,5.30213e+07,276132,305629,335126,3.72793e+06,3.82683e+06,3.92573e+06,12173.8,12561.5,12949.2
639,5.27306e+07,5.28789e+07,5.30272e+07,274360,303786,333212,3.71621e+06,3.81496e+06,3.91371e+06,12099.2,12486.7,12874.2
640,5.27153e+07,5.28634e+07,5.30115e+07,275841,305195,334549,3.72004e+06,3.81864e+06,3.91724e+06,12135,12521.9,12908.8
641,5.27428e+07,5.28907e+07,5.30387e+07,270891,300175,329459,3.6931e+06,3.79155e+06,3.89e+06,12000.7,12387.2,12773.8
642,5.27582e+07,5.2906e+07,5.30537e+07,267807,297017,326227,3.67488e+06,3.77317e+06,3.87146e+06,11954.8,12340.5,12726.2
643,5.27328e+07,5.28803e+07,5.30279e+07,270871,300004,329136,3.68604e+06,3.78416e+06,3.88229e+06,12035.3,12420.3,12805.2
644,5.27158e+07,5.28632e+07,5.30105e+07,272633,301693,330753,3.69114e+06,3.78911e+06,3.88709e+06,12042.5,12427.3,12812
645,5.26966e+07,5.28437e+07,5.29909e+07,274703,303693,332683,3.69786e+06,3.79568e+06,3.8935e+06,12066.6,12451,12835.4
646,5.26357e+07,5.27827e+07,5.29297e+07,282976,311898,340821,3.73451e+06,3.83219e+06,3.92986e+06,12231.3,12615.4,12999.5
647,5.26079e+07,5.27547e+07,5.29016e+07,286203,315068,343933,3.74741e+06,3.84496e+06,3.94251e+06,12236.6,12621,13005.4
648,5.25901e+07,5.27368e+07,5.28835e+07,287885,316697,345509,3.75309e+06,3.85052e+06,3.94795e+06,12243.7,12628,13012.3
649,5.25926e+07,5.27391e+07,5.28857e+07,286511,315272,344033,3.74419e+06,3.84151e+06,3.93882e+06,12191.8,12575.9,12960
650,5.26024e+07,5.27488e+07,5.28952e+07,284057,312766,341476,3.73004e+06,3.82724e+06,3.92443e+06,12137.5,12521.2,12904.8
651,5.26049e+07,5.27511e+07,5.28974e+07,282730,311385,340041,3.7212e+06,3.81827e+06,3.91534e+06,12117.1,12500.1,12883.2
652,5.25881e+07,5.27343e+07,5.28804e+07,284280,312881,341482,3.72616e+06,3.82311e+06,3.92005e+06,12154.7,12537.3,12919.8
653,5.25504e+07,5.26964e+07,5.28423e+07,288947,317496,346045,3.74625e+06,3.84308e+06,3.93991e+06,12243.5,12625.9,13008.2
654,5.2502e+07,5.26478e+07,5.27937e+07,295146,323648,352151,3.77402e+06,3.87074e+06,3.96746e+06,12345.8,12728.2,13110.6
655,5.25008e+07,5.26465e+07,5.27922e+07,294222,322686,351149,3.76783e+06,3.86445e+06,3.96107e+06,12271.5,12654.1,13036.7
656,5.25336e+07,5.26792e+07,5.28248e+07,288238,316662,345086,3.73718e+06,3.83369e+06,3.93021e+06,12132.8,12515.1,12897.3
657,5.24763e+07,5.26218e+07,5.27673e+07,295746,324124,352502,3.77134e+06,3.86775e+06,3.96416e+06,12347.1,12728.5,13109.9
658,5.24579e+07,5.26032e+07,5.27486e+07,297373,325715,354056,3.77756e+06,3.87387e+06,3.97018e+06,12322.7,12704.4,13086.1
659,5.24639e+07,5.26092e+07,5.27544e+07,295337,323644,351951,3.76619e+06,3.86241e+06,3.95863e+06,12257.3,12638.8,13020.4
660,5.24542e+07,5.25993e+07,5.27445e+07,295664,323934,352205,3.76614e+06,3.86227e+06,3.95839e+06,12275.3,12656.5,13037.6
661,5.24631e+07,5.26082e+07,5.27532e+07,293215,321450,349685,3.7527e+06,3.84873e+06,3.94476e+06,12210,12590.8,12971.7
662,5.23984e+07,5.25433e+07,5.26882e+07,301743,329940,358137,3.7923e+06,3.88822e+06,3.98415e+06,12424,12804.3,13184.7
663,5.23795e+07,5.25244e+07,5.26692e+07,303342,331512,359681,3.79885e+06,3.89469e+06,3.99054e+06,12391.7,12772.6,13153.4
664,5.22764e+07,5.24211e+07,5.25658e+07,317434,345578,373722,3.86609e+06,3.96186e+06,4.05763e+06,12709.3,13090,13470.8
665,5.22511e+07,5.23957e+07,5.25404e+07,319791,347926,376061,3.87728e+06,3.973e+06,4.06871e+06,12653.6,13035.4,13417.1
666,5.22372e+07,5.23819e+07,5.25265e+07,320413,348541,376669,3.88021e+06,3.97587e+06,4.07153e+06,12649.2,13031,13412.8
667,5.21943e+07,5.23389e+07,5.24835e+07,325331,353454,381577,3.90407e+06,3.99968e+06,4.09529e+06,12761.7,13143.5,13525.2
668,5.21898e+07,5.23343e+07,5.24788e+07,324503,352626,380749,3.9003e+06,3.99587e+06,4.09144e+06,12702.9,13084.9,13467
669,5.21925e+07,5.2337e+07,5.24814e+07,322610,350732,378855,3.89131e+06,3.98684e+06,4.08236e+06,12664.9,13046.8,13428.6
670,5.21991e+07,5.23435e+07,5.24879e+07,320166,348285,376404,3.87953e+06,3.97501e+06,4.07049e+06,12622,13003.6,13385.2
671,5.21975e+07,5.23419e+07,5.24862e+07,318962,347075,375189,3.87365e+06,3.96909e+06,4.06452e+06,12613,12994.2,13375.5
672,5.21918e+07,5.23361e+07,5.24805e+07,318373,346479,374586,3.87072e+06,3.9661e+06,4.06148e+06,12608.4,12989.4,13370.4
673,5.21817e+07,5.2326e+07,5.24703e+07,318444,346543,374641,3.87099e+06,3.96632e+06,4.06164e+06,12614.7,12995.5,13376.3
674,5.21791e+07,5.23233e+07,5.24676e+07,317405,345496,373586,3.86585e+06,3.96113e+06,4.0564e+06,12588.8,12969.5,13350.2
675,5.21368e+07,5.2281e+07,5.24252e+07,322229,350311,378392,3.8893e+06,3.98453e+06,4.07975e+06,12713.1,13093.6,13474
676,5.21294e+07,5.22735e+07,5.24177e+07,321849,349928,378006,3.88764e+06,3.98282e+06,4.078e+06,12665.2,13045.9,13426.7
677,5.21112e+07,5.22553e+07,5.23995e+07,323049,351123,379198,3.89369e+06,3.98882e+06,4.08395e+06,12697.9,13078.5,13459.1
678,5.212e+07,5.2264e+07,5.24081e+07,320273,348345,376417,3.88038e+06,3.97547e+06,4.07056e+06,12621.7,13002.3,13382.9
679,5.21243e+07,5.22683e+07,5.24123e+07,318186,346253,374319,3.87028e+06,3.96533e+06,4.06037e+06,12594.5,12974.8,13355
680,5.21317e+07,5.22757e+07,5.24197e+07,315664,343723,371781,3.85795e+06,3.95294e+06,4.04793e+06,12550.7,12930.7,13310.6
681,5.21353e+07,5.22792e+07,5.24232e+07,313731,341778,369825,3.84835e+06,3.94329e+06,4.03822e+06,12524.3,12903.9,13283.4
682,5.21138e+07,5.22577e+07,5.24016e+07,315517,343551,371585,3.85687e+06,3.95175e+06,4.04663e+06,12582.6,12961.9,13341.1
683,5.20963e+07,5.22401e+07,5.2384e+07,316687,344710,372732,3.8625e+06,3.95732e+06,4.05215e+06,12595.9,12975.2,13354.4
684,5.20901e+07,5.22339e+07,5.23777e+07,316177,344190,372203,3.85997e+06,3.95475e+06,4.04953e+06,12573.8,12953,13332.3
685,5.2093e+07,5.22368e+07,5.23805e+07,314335,342338,370340,3.85091e+06,3.94563e+06,4.04035e+06,12533.2,12912.3,13291.3
686,5.21028e+07,5.22465e+07,5.23901e+07,311510,339500,367491,3.83692e+06,3.93159e+06,4.02626e+06,12479.5,12858.3,13237
687,5.21063e+07,5.225e+07,5.23936e+07,309624,337598,365573,3.82739e+06,3.922e+06,4.01661e+06,12456.2,12834.6,13212.9
688,5.20926e+07,5.22362e+07,5.23798e+07,310295,338252,366209,3.8303e+06,3.92485e+06,4.0194e+06,12486.8,12864.8,13242.8
689,5.20927e+07,5.22363e+07,5.23798e+07,308934,336874,364814,3.8233e+06,3.91779e+06,4.01228e+06,12447.2,12825.1,13203
690,5.21045e+07,5.2248e+07,5.23914e+07,305874,333796,361718,3.80789e+06,3.90232e+06,3.99675e+06,12382.9,12760.6,13138.2
691,5.21206e+07,5.2264e+07,5.24074e+07,302208,330108,358009,3.78935e+06,3.88371e+06,3.97807e+06,12317.6,12694.7,13071.9
692,5.21411e+07,5.22844e+07,5.24277e+07,297953,325828,353702,3.76771e+06,3.862e+06,3.95629e+06,12242.3,12618.9,12995.6
693,5.21203e+07,5.22636e+07,5.24068e+07,299794,327638,355483,3.77576e+06,3.86997e+06,3.96418e+06,12318.4,12694.5,13070.6
694,5.21197e+07,5.22628e+07,5.2406e+07,298661,326477,354294,3.76934e+06,3.86347e+06,3.95761e+06,12273.1,12649.2,13025.2
695,5.20743e+07,5.22174e+07,5.23605e+07,304093,331880,359668,3.7951e+06,3.88916e+06,3.98322e+06,12410.9,12786.6,13162.3
696,5.20638e+07,5.22068e+07,5.23498e+07,304356,332121,359886,3.79582e+06,3.88982e+06,3.98381e+06,12370.8,12746.8,13122.8
697,5.20601e+07,5.2203e+07,5.2346e+07,303604,331347,359090,3.79159e+06,3.88552e+06,3.97945e+06,12348.6,12724.5,13100.3
698,5.20472e+07,5.21901e+07,5.2333e+07,304211,331931,359651,3.79401e+06,3.88787e+06,3.98174e+06,12367.7,12743.3,13118.9
699,5.20566e+07,5.21995e+07,5.23423e+07,301526,329225,356923,3.78031e+06,3.87411e+06,3.96791e+06,12295.7,12671.2,13046.7
700,5.20437e+07,5.21865e+07,5.23293e+07,302153,329826,357500,3.78273e+06,3.87646e+06,3.9702e+06,12331.1,12706.2,13081.2
701,5.20329e+07,5.21756e+07,5.23183e+07,302474,330123,357772,3.78371e+06,3.87737e+06,3.97104e+06,12331.7,12706.6,13081.6
702,5.20167e+07,5.21594e+07,5.23021e+07,303555,331181,358807,3.78845e+06,3.88206e+06,3.97566e+06,12353.5,12728.3,13103
703,5.20136e+07,5.21562e+07,5.22988e+07,302717,330321,357925,3.78385e+06,3.87739e+06,3.97093e+06,12322.5,12697.2,13071.9
704,5.20169e+07,5.21594e+07,5.2302e+07,300951,328532,356113,3.77465e+06,3.86812e+06,3.9616e+06,12284.7,12659.2,13033.6
705,5.20154e+07,5.21579e+07,5.23003e+07,299903,327459,355015,3.76888e+06,3.86229e+06,3.95571e+06,12271.9,12646,13020.1
706,5.20266e+07,5.2169e+07,5.23114e+07,297004,324535,352066,3.75397e+06,3.84732e+06,3.94066e+06,12207.8,12581.7,12955.5
707,5.20519e+07,5.21942e+07,5.23366e+07,292082,319584,347087,3.72895e+06,3.82222e+06,3.91549e+06,12109.5,12482.9,12856.2
708,5.20825e+07,5.22248e+07,5.2367e+07,286440,313908,341376,3.7001e+06,3.7933e+06,3.88649e+06,12009.7,12382.4,12755.1
709,5.20593e+07,5.22015e+07,5.23436e+07,288740,316168,343597,3.71003e+06,3.80313e+06,3.89624e+06,12107.7,12479.7,12851.6
710,5.19712e+07,5.21133e+07,5.22553e+07,300501,327892,355284,3.76667e+06,3.85969e+06,3.95271e+06,12370.6,12742.5,13114.5
711,5.19323e+07,5.20743e+07,5.22163e+07,304916,332284,359653,3.78788e+06,3.88084e+06,3.9738e+06,12379.5,12752.3,13125.1
712,5.18771e+07,5.2019e+07,5.2161e+07,311665,339015,366365,3.82087e+06,3.91377e+06,4.00668e+06,12507,12880,13253
713,5.18939e+07,5.20358e+07,5.21777e+07,307786,335126,362465,3.80194e+06,3.8948e+06,3.98766e+06,12355,12728.4,13101.9
714,5.19014e+07,5.20432e+07,5.21851e+07,305323,332647,359972,3.78975e+06,3.88256e+06,3.97538e+06,12327.4,12700.4,13073.4
715,5.18976e+07,5.20395e+07,5.21813e+07,304525,331832,359139,3.78564e+06,3.8784e+06,3.97116e+06,12328.2,12700.9,13073.5
716,5.1923e+07,5.20648e+07,5.22065e+07,299488,326776,354065,3.76058e+06,3.85329e+06,3.946e+06,12210.4,12582.9,12955.3
717,5.18613e+07,5.2003e+07,5.21447e+07,307225,334489,361754,3.79824e+06,3.89089e+06,3.98354e+06,12441.6,12813.4,13185.3
718,5.18835e+07,5.20252e+07,5.21668e+07,302609,329859,357108,3.77545e+06,3.86805e+06,3.96065e+06,12262.2,12634.6,13007
719,5.19047e+07,5.20463e+07,5.21879e+07,298210,325439,352668,3.75345e+06,3.846e+06,3.93854e+06,12192.5,12564.3,12936.2
720,5.18773e+07,5.20189e+07,5.21604e+07,300935,328139,355343,3.76637e+06,3.85885e+06,3.95133e+06,12295.3,12666.5,13037.8
721,5.18714e+07,5.20129e+07,5.21544e+07,300500,327683,354865,3.76387e+06,3.8563e+06,3.94872e+06,12260.2,12631.6,13003
722,5.19193e+07,5.20607e+07,5.22021e+07,292232,319393,346553,3.72267e+06,3.81504e+06,3.9074e+06,12059,12430.2,12801.3
723,5.19487e+07,5.209e+07,5.22314e+07,286754,313884,341013,3.69476e+06,3.78706e+06,3.87935e+06,11992.3,12362.6,12732.8
724,5.19752e+07,5.21165e+07,5.22578e+07,281757,308849,335941,3.66892e+06,3.76114e+06,3.85335e+06,11912.3,12281.9,12651.5
725,5.19528e+07,5.20939e+07,5.22351e+07,283963,311013,338063,3.6784e+06,3.77052e+06,3.86264e+06,12003.7,12372.6,12741.4
726,5.19389e+07,5.208e+07,5.2221e+07,284891,311902,338913,3.68171e+06,3.77375e+06,3.86579e+06,12003.8,12372.6,12741.4
727,5.1941e+07,5.2082e+07,5.2223e+07,283476,310449,337422,3.67351e+06,3.76547e+06,3.85742e+06,11957.3,12325.9,12694.6
728,5.1964e+07,5.2105e+07,5.22459e+07,279021,305955,332889,3.65022e+06,3.74209e+06,3.83396e+06,11855.7,12224,12592.3
729,5.20036e+07,5.21444e+07,5.22852e+07,272224,299115,326005,3.6151e+06,3.70688e+06,3.79866e+06,11721.7,12089.3,12457
730,5.2036e+07,5.21767e+07,5.23174e+07,266542,293382,320222,3.58511e+06,3.67679e+06,3.76847e+06,11633.6,12000.4,12367.1
