index,S:all,A:all,I:all,betaA:all,betaI:all,kA:all,kI:all,sto:all,rep:all,phi:all,log_like
0,0.7,1e-05,1e-05,1,0.1,5,80,0.1,1,0.1,-24994.223453
1,0.694692,9.94692e-06,1.01084e-05,1.03144,0.0996454,5.00449,79.8292,0.1,1,0.1,-24973.572585
2,0.694692,9.94692e-06,1.01084e-05,1.03144,0.0996454,5.00449,79.8292,0.1,1,0.1,-24973.572585
3,0.693547,1.00544e-05,1.01651e-05,1.03878,0.0977528,5.00415,79.7484,0.1,1,0.1,-24942.363409
4,0.693977,1.00261e-05,1.01013e-05,1.03008,0.0977409,4.99311,79.5934,0.1,1,0.1,-24939.364596
5,0.693977,1.00261e-05,1.01013e-05,1.03008,0.0977409,4.99311,79.5934,0.1,1,0.1,-24939.364596
6,0.693977,1.00261e-05,1.01013e-05,1.03008,0.0977409,4.99311,79.5934,0.1,1,0.1,-24939.364596
7,0.693977,1.00261e-05,1.01013e-05,1.03008,0.0977409,4.99311,79.5934,0.1,1,0.1,-24939.364596
8,0.693977,1.00261e-05,1.01013e-05,1.03008,0.0977409,4.99311,79.5934,0.1,1,0.1,-24939.364596
9,0.700181,9.94448e-06,1.03038e-05,1.02451,0.0931196,4.99007,79.5003,0.1,1,0.1,-24884.545337
10,0.700181,9.94448e-06,1.03038e-05,1.02451,0.0931196,4.99007,79.5003,0.1,1,0.1,-24884.545337
11,0.701447,1.0014e-05,1.03747e-05,1.02635,0.0927098,4.98786,79.4563,0.1,1,0.1,-24879.153075
12,0.701447,1.0014e-05,1.03747e-05,1.02635,0.0927098,4.98786,79.4563,0.1,1,0.1,-24879.153075
13,0.695831,9.84498e-06,1.04155e-05,1.02889,0.0908644,4.99577,79.5071,0.1,1,0.1,-24846.146852
14,0.691927,9.83599e-06,1.04559e-05,1.02888,0.0902929,4.98883,79.4717,0.1,1,0.1,-24829.976968
15,0.694164,9.91891e-06,1.03946e-05,1.04966,0.0888093,4.98469,79.5067,0.1,1,0.1,-24806.937845
16,0.690869,9.97192e-06,1.02621e-05,1.03283,0.0875923,4.97278,79.4237,0.1,1,0.1,-24781.219513
17,0.691011,9.98856e-06,1.03374e-05,1.03136,0.0856309,4.96791,79.4614,0.1,1,0.1,-24745.215719
18,0.689736,9.95307e-06,1.0387e-05,1.03677,0.0854416,4.96666,79.4461,0.1,1,0.1,-24736.742530
19,0.687208,9.93508e-06,1.0362e-05,1.03483,0.0823334,4.96631,79.3666,0.1,1,0.1,-24641.665474
20,0.687208,9.93508e-06,1.0362e-05,1.03483,0.0823334,4.96631,79.3666,0.1,1,0.1,-24641.665474
21,0.687489,9.98743e-06,1.03776e-05,1.03596,0.0803219,4.97177,79.4557,0.1,1,0.1,-24536.780664
22,0.687489,9.98743e-06,1.03776e-05,1.03596,0.0803219,4.97177,79.4557,0.1,1,0.1,-24536.780664
23,0.687489,9.98743e-06,1.03776e-05,1.03596,0.0803219,4.97177,79.4557,0.1,1,0.1,-24536.780664
24,0.687489,9.98743e-06,1.03776e-05,1.03596,0.0803219,4.97177,79.4557,0.1,1,0.1,-24536.780664
25,0.687489,9.98743e-06,1.03776e-05,1.03596,0.0803219,4.97177,79.4557,0.1,1,0.1,-24536.780664
26,0.688286,1.00683e-05,1.04205e-05,1.03589,0.0795001,4.97734,79.3849,0.1,1,0.1,-24519.269759
27,0.688286,1.00683e-05,1.04205e-05,1.03589,0.0795001,4.97734,79.3849,0.1,1,0.1,-24519.269759
28,0.688286,1.00683e-05,1.04205e-05,1.03589,0.0795001,4.97734,79.3849,0.1,1,0.1,-24519.269759
29,0.6846,1.00533e-05,1.02912e-05,1.02621,0.0790691,4.97804,79.5786,0.1,1,0.1,-24504.696047
30,0.6846,1.00533e-05,1.02912e-05,1.02621,0.0790691,4.97804,79.5786,0.1,1,0.1,-24504.696047
31,0.685501,1.01748e-05,1.02128e-05,1.01412,0.0783958,4.99663,79.5272,0.1,1,0.1,-24494.390305
32,0.685501,1.01748e-05,1.02128e-05,1.01412,0.0783958,4.99663,79.5272,0.1,1,0.1,-24494.390305
33,0.685501,1.01748e-05,1.02128e-05,1.01412,0.0783958,4.99663,79.5272,0.1,1,0.1,-24494.390305
34,0.685501,1.01748e-05,1.02128e-05,1.01412,0.0783958,4.99663,79.5272,0.1,1,0.1,-24494.390305
35,0.682552,1.02782e-05,1.03584e-05,1.01235,0.0781749,4.99475,79.4367,0.1,1,0.1,-24485.404646
36,0.684932,1.03275e-05,1.03939e-05,1.01805,0.078109,4.97451,79.3549,0.1,1,0.1,-24484.582050
37,0.686926,1.01739e-05,1.0389e-05,1.02731,0.0775205,4.96049,79.2447,0.1,1,0.1,-24469.573353
38,0.686926,1.01739e-05,1.0389e-05,1.02731,0.0775205,4.96049,79.2447,0.1,1,0.1,-24469.573353
39,0.686926,1.01739e-05,1.0389e-05,1.02731,0.0775205,4.96049,79.2447,0.1,1,0.1,-24469.573353
40,0.686926,1.01739e-05,1.0389e-05,1.02731,0.0775205,4.96049,79.2447,0.1,1,0.1,-24469.573353
41,0.684716,1.01396e-05,1.0417e-05,1.01789,0.0773865,4.9698,79.3413,0.1,1,0.1,-24466.926863
42,0.684716,1.01396e-05,1.0417e-05,1.01789,0.0773865,4.9698,79.3413,0.1,1,0.1,-24466.926863
43,0.680423,1.00659e-05,1.03763e-05,1.02292,0.0759447,4.96597,79.4133,0.1,1,0.1,-24431.641269
44,0.680423,1.00659e-05,1.03763e-05,1.02292,0.0759447,4.96597,79.4133,0.1,1,0.1,-24431.641269
45,0.680423,1.00659e-05,1.03763e-05,1.02292,0.0759447,4.96597,79.4133,0.1,1,0.1,-24431.641269
46,0.680423,1.00659e-05,1.03763e-05,1.02292,0.0759447,4.96597,79.4133,0.1,1,0.1,-24431.641269
47,0.680765,1.00374e-05,1.03571e-05,1.03287,0.075664,4.93988,79.4801,0.1,1,0.1,-24421.983507
48,0.680765,1.00374e-05,1.03571e-05,1.03287,0.075664,4.93988,79.4801,0.1,1,0.1,-24421.983507
49,0.680765,1.00374e-05,1.03571e-05,1.03287,0.075664,4.93988,79.4801,0.1,1,0.1,-24421.983507
50,0.674645,1.00801e-05,1.05048e-05,1.02977,0.0755245,4.93551,79.5733,0.1,1,0.1,-24416.213382
51,0.674645,1.00801e-05,1.05048e-05,1.02977,0.0755245,4.93551,79.5733,0.1,1,0.1,-24416.213382
52,0.682579,1.02668e-05,1.04397e-05,1.04649,0.0740805,4.93488,79.6912,0.1,1,0.1,-24402.158572
53,0.682579,1.02668e-05,1.04397e-05,1.04649,0.0740805,4.93488,79.6912,0.1,1,0.1,-24402.158572
54,0.676335,1.04067e-05,1.0595e-05,1.03479,0.0736953,4.90899,79.879,0.1,1,0.1,-24388.868752
55,0.676335,1.04067e-05,1.0595e-05,1.03479,0.0736953,4.90899,79.879,0.1,1,0.1,-24388.868752
56,0.676335,1.04067e-05,1.0595e-05,1.03479,0.0736953,4.90899,79.879,0.1,1,0.1,-24388.868752
57,0.676335,1.04067e-05,1.0595e-05,1.03479,0.0736953,4.90899,79.879,0.1,1,0.1,-24388.868752
58,0.676335,1.04067e-05,1.0595e-05,1.03479,0.0736953,4.90899,79.879,0.1,1,0.1,-24388.868752
59,0.668516,1.03407e-05,1.05869e-05,1.06783,0.0704431,4.92434,79.8284,0.1,1,0.1,-24292.001327
60,0.668516,1.03407e-05,1.05869e-05,1.06783,0.0704431,4.92434,79.8284,0.1,1,0.1,-24292.001327
61,0.665759,1.07339e-05,1.05309e-05,1.09621,0.0693977,4.88874,79.814,0.1,1,0.1,-24246.625822
62,0.661829,1.06504e-05,1.06535e-05,1.06827,0.0665863,4.89289,79.9365,0.1,1,0.1,-24138.620878
63,0.661573,1.09918e-05,1.08051e-05,1.06051,0.0664844,4.88979,80.3694,0.1,1,0.1,-24138.688072
64,0.661573,1.09918e-05,1.08051e-05,1.06051,0.0664844,4.88979,80.3694,0.1,1,0.1,-24138.688072
65,0.66406,1.11082e-05,1.09711e-05,1.10281,0.0654143,4.87756,80.5453,0.1,1,0.1,-24110.971044
66,0.66406,1.11082e-05,1.09711e-05,1.10281,0.0654143,4.87756,80.5453,0.1,1,0.1,-24110.971044
67,0.66406,1.11082e-05,1.09711e-05,1.10281,0.0654143,4.87756,80.5453,0.1,1,0.1,-24110.971044
68,0.66246,1.07841e-05,1.05758e-05,1.12105,0.0606563,4.889,80.3195,0.1,1,0.1,-23916.295732
69,0.66246,1.07841e-05,1.05758e-05,1.12105,0.0606563,4.889,80.3195,0.1,1,0.1,-23916.295732
70,0.66246,1.07841e-05,1.05758e-05,1.12105,0.0606563,4.889,80.3195,0.1,1,0.1,-23916.295732
71,0.66246,1.07841e-05,1.05758e-05,1.12105,0.0606563,4.889,80.3195,0.1,1,0.1,-23916.295732
72,0.66246,1.07841e-05,1.05758e-05,1.12105,0.0606563,4.889,80.3195,0.1,1,0.1,-23916.295732
73,0.66246,1.07841e-05,1.05758e-05,1.12105,0.0606563,4.889,80.3195,0.1,1,0.1,-23916.295732
74,0.66246,1.07841e-05,1.05758e-05,1.12105,0.0606563,4.889,80.3195,0.1,1,0.1,-23916.295732
75,0.658845,1.05752e-05,1.06769e-05,1.1032,0.0605741,4.87684,80.1869,0.1,1,0.1,-23895.821640
76,0.660341,1.06598e-05,1.06536e-05,1.1195,0.0571629,4.86772,79.9915,0.1,1,0.1,-23756.094747
77,0.660341,1.06598e-05,1.06536e-05,1.1195,0.0571629,4.86772,79.9915,0.1,1,0.1,-23756.094747
78,0.659854,1.06311e-05,1.07018e-05,1.13013,0.0564542,4.85953,80.1261,0.1,1,0.1,-23718.586163
79,0.659854,1.06311e-05,1.07018e-05,1.13013,0.0564542,4.85953,80.1261,0.1,1,0.1,-23718.586163
80,0.664329,1.07386e-05,1.07024e-05,1.09527,0.0555983,4.85869,79.8848,0.1,1,0.1,-23676.240801
81,0.669217,1.04415e-05,1.06684e-05,1.09631,0.0547165,4.86321,80.1352,0.1,1,0.1,-23654.966787
82,0.669217,1.04415e-05,1.06684e-05,1.09631,0.0547165,4.86321,80.1352,0.1,1,0.1,-23654.966787
83,0.669217,1.04415e-05,1.06684e-05,1.09631,0.0547165,4.86321,80.1352,0.1,1,0.1,-23654.966787
84,0.672713,1.0542e-05,1.04354e-05,1.08593,0.0534056,4.84988,80.2,0.1,1,0.1,-23591.194686
85,0.669629,1.01905e-05,1.02954e-05,1.08426,0.0518999,4.89071,80.1923,0.1,1,0.1,-23488.164204
86,0.669629,1.01905e-05,1.02954e-05,1.08426,0.0518999,4.89071,80.1923,0.1,1,0.1,-23488.164204
87,0.669629,1.01905e-05,1.02954e-05,1.08426,0.0518999,4.89071,80.1923,0.1,1,0.1,-23488.164204
88,0.673885,1.01841e-05,1.01532e-05,1.11009,0.049297,4.90185,80.6052,0.1,1,0.1,-23351.247760
89,0.6764,1.02692e-05,1.02639e-05,1.131,0.0486505,4.91007,80.3694,0.1,1,0.1,-23315.816316
90,0.660903,1.03611e-05,1.04321e-05,1.15985,0.0491655,4.90587,80.5335,0.1,1,0.1,-23285.002959
91,0.660903,1.03611e-05,1.04321e-05,1.15985,0.0491655,4.90587,80.5335,0.1,1,0.1,-23285.002959
92,0.660903,1.03611e-05,1.04321e-05,1.15985,0.0491655,4.90587,80.5335,0.1,1,0.1,-23285.002959
93,0.660903,1.03611e-05,1.04321e-05,1.15985,0.0491655,4.90587,80.5335,0.1,1,0.1,-23285.002959
94,0.672873,9.87211e-06,1.04432e-05,1.1501,0.0470861,4.92505,80.634,0.1,1,0.1,-23194.941198
95,0.672873,9.87211e-06,1.04432e-05,1.1501,0.0470861,4.92505,80.634,0.1,1,0.1,-23194.941198
96,0.672873,9.87211e-06,1.04432e-05,1.1501,0.0470861,4.92505,80.634,0.1,1,0.1,-23194.941198
97,0.668378,9.95287e-06,1.05066e-05,1.1206,0.0470075,4.91744,80.9596,0.1,1,0.1,-23171.365721
98,0.668937,1.00691e-05,1.07147e-05,1.14006,0.0466513,4.8944,81.1837,0.1,1,0.1,-23161.664035
99,0.66176,1.00328e-05,1.09559e-05,1.12495,0.044028,4.87214,81.1242,0.1,1,0.1,-22958.295777
100,0.66176,1.00328e-05,1.09559e-05,1.12495,0.044028,4.87214,81.1242,0.1,1,0.1,-22958.295777
101,0.66176,1.00328e-05,1.09559e-05,1.12495,0.044028,4.87214,81.1242,0.1,1,0.1,-22958.295777
102,0.66176,1.00328e-05,1.09559e-05,1.12495,0.044028,4.87214,81.1242,0.1,1,0.1,-22958.295777
103,0.66176,1.00328e-05,1.09559e-05,1.12495,0.044028,4.87214,81.1242,0.1,1,0.1,-22958.295777
104,0.66012,9.79587e-06,1.09828e-05,1.1639,0.043242,4.90359,80.8839,0.1,1,0.1,-22899.252740
105,0.66012,9.79587e-06,1.09828e-05,1.1639,0.043242,4.90359,80.8839,0.1,1,0.1,-22899.252740
106,0.66012,9.79587e-06,1.09828e-05,1.1639,0.043242,4.90359,80.8839,0.1,1,0.1,-22899.252740
107,0.66012,9.79587e-06,1.09828e-05,1.1639,0.043242,4.90359,80.8839,0.1,1,0.1,-22899.252740
108,0.655674,9.65402e-06,1.08298e-05,1.18696,0.041803,4.91123,81.0415,0.1,1,0.1,-22815.652384
109,0.646309,9.62334e-06,1.08323e-05,1.18646,0.0401005,4.90859,81.2426,0.1,1,0.1,-22758.491715
110,0.641301,9.65102e-06,1.09759e-05,1.2206,0.0393021,4.9105,81.3774,0.1,1,0.1,-22370.380685
111,0.641301,9.65102e-06,1.09759e-05,1.2206,0.0393021,4.9105,81.3774,0.1,1,0.1,-22370.380685
112,0.64717,9.95982e-06,1.11429e-05,1.19633,0.0385861,4.92167,81.1955,0.1,1,0.1,-22306.787979
113,0.64717,9.95982e-06,1.11429e-05,1.19633,0.0385861,4.92167,81.1955,0.1,1,0.1,-22306.787979
114,0.653905,9.71846e-06,1.0935e-05,1.20268,0.0381363,4.94166,81.2181,0.1,1,0.1,-22299.175485
115,0.653905,9.71846e-06,1.0935e-05,1.20268,0.0381363,4.94166,81.2181,0.1,1,0.1,-22299.175485
116,0.658479,9.71527e-06,1.10072e-05,1.21466,0.0370752,4.91282,81.2953,0.1,1,0.1,-22190.538390
117,0.658479,9.71527e-06,1.10072e-05,1.21466,0.0370752,4.91282,81.2953,0.1,1,0.1,-22190.538390
118,0.651414,9.64325e-06,1.11419e-05,1.2583,0.0368425,4.91183,81.236,0.1,1,0.1,-22128.065107
119,0.651414,9.64325e-06,1.11419e-05,1.2583,0.0368425,4.91183,81.236,0.1,1,0.1,-22128.065107
120,0.651713,9.44683e-06,1.0976e-05,1.26848,0.036249,4.89816,81.0894,0.1,1,0.1,-22044.355156
121,0.651713,9.44683e-06,1.0976e-05,1.26848,0.036249,4.89816,81.0894,0.1,1,0.1,-22044.355156
122,0.655071,9.4118e-06,1.09637e-05,1.24141,0.0361653,4.86532,81.2197,0.1,1,0.1,-22043.790814
123,0.648225,9.90393e-06,1.10494e-05,1.30702,0.0352692,4.85923,81.3592,0.1,1,0.1,-21896.757085
124,0.640163,1.00391e-05,1.12295e-05,1.25977,0.0348559,4.85908,81.2447,0.1,1,0.1,-21759.541068
125,0.637972,1.01837e-05,1.15323e-05,1.2646,0.0342491,4.84475,81.0552,0.1,1,0.1,-21645.964904
126,0.642887,1.02213e-05,1.14393e-05,1.28991,0.0332479,4.86924,80.9648,0.1,1,0.1,-21521.685506
127,0.6477,1.04187e-05,1.11889e-05,1.29131,0.0324898,4.85809,81.0478,0.1,1,0.1,-21421.418828
128,0.6477,1.04187e-05,1.11889e-05,1.29131,0.0324898,4.85809,81.0478,0.1,1,0.1,-21421.418828
129,0.6477,1.04187e-05,1.11889e-05,1.29131,0.0324898,4.85809,81.0478,0.1,1,0.1,-21421.418828
130,0.660176,1.04376e-05,1.1298e-05,1.30226,0.0316857,4.86997,81.1286,0.1,1,0.1,-21350.637196
131,0.653443,1.0211e-05,1.12564e-05,1.32311,0.0307129,4.87536,81.0498,0.1,1,0.1,-21116.904988
132,0.653443,1.0211e-05,1.12564e-05,1.32311,0.0307129,4.87536,81.0498,0.1,1,0.1,-21116.904988
133,0.660804,1.00582e-05,1.13106e-05,1.36502,0.0291072,4.88455,80.9576,0.1,1,0.1,-20793.800053
134,0.660804,1.00582e-05,1.13106e-05,1.36502,0.0291072,4.88455,80.9576,0.1,1,0.1,-20793.800053
135,0.659612,1.02658e-05,1.14302e-05,1.41512,0.0281225,4.91313,81.1256,0.1,1,0.1,-20564.934193
136,0.659612,1.02658e-05,1.14302e-05,1.41512,0.0281225,4.91313,81.1256,0.1,1,0.1,-20564.934193
137,0.657899,1.01356e-05,1.188e-05,1.36803,0.0266116,4.90275,81.1774,0.1,1,0.1,-20107.438853
138,0.657899,1.01356e-05,1.188e-05,1.36803,0.0266116,4.90275,81.1774,0.1,1,0.1,-20107.438853
139,0.663596,1.01153e-05,1.15241e-05,1.36647,0.0257787,4.91449,81.1021,0.1,1,0.1,-19838.338580
140,0.665782,1.02431e-05,1.173e-05,1.36151,0.0249334,4.89862,81.3093,0.1,1,0.1,-19558.060642
141,0.65765,1.02541e-05,1.1745e-05,1.37783,0.0239322,4.90312,81.2739,0.1,1,0.1,-19163.517776
142,0.65765,1.02541e-05,1.1745e-05,1.37783,0.0239322,4.90312,81.2739,0.1,1,0.1,-19163.517776
143,0.656153,1.04679e-05,1.16677e-05,1.39474,0.0234458,4.92261,81.5072,0.1,1,0.1,-19018.266749
144,0.650228,9.95034e-06,1.17788e-05,1.37482,0.0219705,4.93995,81.7274,0.1,1,0.1,-18531.614164
145,0.650228,9.95034e-06,1.17788e-05,1.37482,0.0219705,4.93995,81.7274,0.1,1,0.1,-18531.614164
146,0.6642,1.00606e-05,1.1595e-05,1.42889,0.0211762,4.91517,81.8839,0.1,1,0.1,-18200.499911
147,0.659003,1.00484e-05,1.16189e-05,1.42543,0.0208411,4.94006,81.9519,0.1,1,0.1,-18116.845847
148,0.667775,1.00402e-05,1.15402e-05,1.43532,0.0204534,4.94393,82.0367,0.1,1,0.1,-17959.274289
149,0.662506,1.02033e-05,1.14387e-05,1.4092,0.0198912,4.90484,82.239,0.1,1,0.1,-17819.157508
150,0.649693,1.02227e-05,1.13178e-05,1.44297,0.0190024,4.91348,82.5154,0.1,1,0.1,-17590.904014
151,0.649693,1.02227e-05,1.13178e-05,1.44297,0.0190024,4.91348,82.5154,0.1,1,0.1,-17590.904014
152,0.6578,1.02137e-05,1.11061e-05,1.41446,0.0184819,4.92614,82.4744,0.1,1,0.1,-17436.875142
153,0.657221,1.00524e-05,1.11915e-05,1.40067,0.0175773,4.94359,82.2172,0.1,1,0.1,-17193.420437
154,0.66269,1.02298e-05,1.12342e-05,1.4004,0.0173288,4.96196,82.2324,0.1,1,0.1,-17116.481433
155,0.645239,1.02292e-05,1.09155e-05,1.41061,0.0165604,4.95334,82.0964,0.1,1,0.1,-16953.527221
156,0.637492,9.97625e-06,1.04969e-05,1.39969,0.0160767,4.9648,81.9202,0.1,1,0.1,-16903.799261
157,0.637492,9.97625e-06,1.04969e-05,1.39969,0.0160767,4.9648,81.9202,0.1,1,0.1,-16903.799261
158,0.637492,9.97625e-06,1.04969e-05,1.39969,0.0160767,4.9648,81.9202,0.1,1,0.1,-16903.799261
159,0.637492,9.97625e-06,1.04969e-05,1.39969,0.0160767,4.9648,81.9202,0.1,1,0.1,-16903.799261
160,0.637492,9.97625e-06,1.04969e-05,1.39969,0.0160767,4.9648,81.9202,0.1,1,0.1,-16903.799261
161,0.636017,9.97831e-06,1.04746e-05,1.38269,0.0154499,4.96699,81.8425,0.1,1,0.1,-16864.650429
162,0.636017,9.97831e-06,1.04746e-05,1.38269,0.0154499,4.96699,81.8425,0.1,1,0.1,-16864.650429
163,0.643313,9.87508e-06,1.03633e-05,1.38576,0.0152258,4.96924,81.6543,0.1,1,0.1,-16777.136825
164,0.643313,9.87508e-06,1.03633e-05,1.38576,0.0152258,4.96924,81.6543,0.1,1,0.1,-16777.136825
165,0.650113,9.81591e-06,1.00962e-05,1.42876,0.0153029,4.95037,81.2068,0.1,1,0.1,-16626.922047
166,0.650113,9.81591e-06,1.00962e-05,1.42876,0.0153029,4.95037,81.2068,0.1,1,0.1,-16626.922047
167,0.650113,9.81591e-06,1.00962e-05,1.42876,0.0153029,4.95037,81.2068,0.1,1,0.1,-16626.922047
168,0.651571,1.00108e-05,1.01419e-05,1.41293,0.0147954,4.94203,81.0864,0.1,1,0.1,-16587.243457
169,0.651571,1.00108e-05,1.01419e-05,1.41293,0.0147954,4.94203,81.0864,0.1,1,0.1,-16587.243457
170,0.66636,1.02205e-05,1.02683e-05,1.40482,0.0150482,4.94538,80.9224,0.1,1,0.1,-16514.665567
171,0.66636,1.02205e-05,1.02683e-05,1.40482,0.0150482,4.94538,80.9224,0.1,1,0.1,-16514.665567
172,0.66636,1.02205e-05,1.02683e-05,1.40482,0.0150482,4.94538,80.9224,0.1,1,0.1,-16514.665567
173,0.66636,1.02205e-05,1.02683e-05,1.40482,0.0150482,4.94538,80.9224,0.1,1,0.1,-16514.665567
174,0.66636,1.02205e-05,1.02683e-05,1.40482,0.0150482,4.94538,80.9224,0.1,1,0.1,-16514.665567
175,0.666446,1.03101e-05,1.00006e-05,1.39928,0.0147353,4.96338,81.0212,0.1,1,0.1,-16497.123878
176,0.666446,1.03101e-05,1.00006e-05,1.39928,0.0147353,4.96338,81.0212,0.1,1,0.1,-16497.123878
177,0.666446,1.03101e-05,1.00006e-05,1.39928,0.0147353,4.96338,81.0212,0.1,1,0.1,-16497.123878
178,0.671261,1.02213e-05,1.01806e-05,1.40227,0.0142841,4.95406,80.7005,0.1,1,0.1,-16403.013505
179,0.680183,1.03218e-05,1.01611e-05,1.38931,0.0145072,4.9543,80.5621,0.1,1,0.1,-16372.572386
180,0.680359,1.02202e-05,1.01976e-05,1.40963,0.0144551,4.98746,80.512,0.1,1,0.1,-16325.929223
181,0.680359,1.02202e-05,1.01976e-05,1.40963,0.0144551,4.98746,80.512,0.1,1,0.1,-16325.929223
182,0.680359,1.02202e-05,1.01976e-05,1.40963,0.0144551,4.98746,80.512,0.1,1,0.1,-16325.929223
183,0.682966,1.05112e-05,1.00631e-05,1.41931,0.0138601,4.96339,80.7092,0.1,1,0.1,-16253.988711
184,0.682966,1.05112e-05,1.00631e-05,1.41931,0.0138601,4.96339,80.7092,0.1,1,0.1,-16253.988711
185,0.682966,1.05112e-05,1.00631e-05,1.41931,0.0138601,4.96339,80.7092,0.1,1,0.1,-16253.988711
186,0.682966,1.05112e-05,1.00631e-05,1.41931,0.0138601,4.96339,80.7092,0.1,1,0.1,-16253.988711
187,0.674628,1.06823e-05,1.00318e-05,1.44852,0.0136911,4.98974,80.8658,0.1,1,0.1,-16252.811778
188,0.681359,1.05638e-05,1.01258e-05,1.46086,0.0133104,5.00735,81.0821,0.1,1,0.1,-16174.593905
189,0.68627,1.06751e-05,9.93843e-06,1.49216,0.0135628,5.02007,81.0961,0.1,1,0.1,-16088.958028
190,0.693564,1.05118e-05,9.80182e-06,1.48201,0.0130244,5.00149,81.025,0.1,1,0.1,-16021.315274
191,0.693564,1.05118e-05,9.80182e-06,1.48201,0.0130244,5.00149,81.025,0.1,1,0.1,-16021.315274
192,0.694445,1.03819e-05,9.42308e-06,1.51681,0.012523,5.02583,80.7745,0.1,1,0.1,-15906.575939
193,0.70104,1.03584e-05,9.2159e-06,1.54122,0.0130774,5.0152,80.8201,0.1,1,0.1,-15846.691717
194,0.70104,1.03584e-05,9.2159e-06,1.54122,0.0130774,5.0152,80.8201,0.1,1,0.1,-15846.691717
195,0.697458,1.03604e-05,9.21097e-06,1.56792,0.0130417,5.00679,81.1634,0.1,1,0.1,-15842.349524
196,0.692725,1.02825e-05,9.1213e-06,1.63803,0.0127558,4.99951,81.0884,0.1,1,0.1,-15720.353883
197,0.694784,1.04188e-05,9.14159e-06,1.65465,0.0128988,5.025,81.0505,0.1,1,0.1,-15700.031002
198,0.694784,1.04188e-05,9.14159e-06,1.65465,0.0128988,5.025,81.0505,0.1,1,0.1,-15700.031002
199,0.694784,1.04188e-05,9.14159e-06,1.65465,0.0128988,5.025,81.0505,0.1,1,0.1,-15700.031002
200,0.704748,1.03361e-05,8.95527e-06,1.67663,0.0127487,4.98834,81.139,0.1,1,0.1,-15595.100351
201,0.713718,1.04453e-05,8.78001e-06,1.70889,0.0125467,5.03433,81.0773,0.1,1,0.1,-15446.054659
202,0.713718,1.04453e-05,8.78001e-06,1.70889,0.0125467,5.03433,81.0773,0.1,1,0.1,-15446.054659
203,0.713718,1.04453e-05,8.78001e-06,1.70889,0.0125467,5.03433,81.0773,0.1,1,0.1,-15446.054659
204,0.713718,1.04453e-05,8.78001e-06,1.70889,0.0125467,5.03433,81.0773,0.1,1,0.1,-15446.054659
205,0.711889,1.03413e-05,8.75346e-06,1.74496,0.0121443,5.03903,80.972,0.1,1,0.1,-15350.508661
206,0.711889,1.03413e-05,8.75346e-06,1.74496,0.0121443,5.03903,80.972,0.1,1,0.1,-15350.508661
207,0.71435,1.02875e-05,8.53317e-06,1.78243,0.0122847,5.0582,81.2699,0.1,1,0.1,-15293.026464
208,0.712394,1.02145e-05,8.29206e-06,1.80154,0.0122257,5.06409,81.1137,0.1,1,0.1,-15254.667450
209,0.72154,1.04124e-05,8.34296e-06,1.81372,0.012456,5.07474,81.2647,0.1,1,0.1,-15199.526639
210,0.71991,1.00895e-05,8.32032e-06,1.87805,0.0124077,5.0625,81.2576,0.1,1,0.1,-15090.144475
211,0.724953,1.02543e-05,8.17568e-06,1.90895,0.0129214,5.0628,81.1478,0.1,1,0.1,-15068.239998
212,0.724953,1.02543e-05,8.17568e-06,1.90895,0.0129214,5.0628,81.1478,0.1,1,0.1,-15068.239998
213,0.716733,1.02629e-05,8.37543e-06,1.96394,0.0130884,5.0597,80.9799,0.1,1,0.1,-15050.582245
214,0.72089,1.05585e-05,8.25612e-06,1.9717,0.0121992,5.05075,80.7007,0.1,1,0.1,-14871.981717
215,0.72089,1.05585e-05,8.25612e-06,1.9717,0.0121992,5.05075,80.7007,0.1,1,0.1,-14871.981717
216,0.72089,1.05585e-05,8.25612e-06,1.9717,0.0121992,5.05075,80.7007,0.1,1,0.1,-14871.981717
217,0.718014,1.04803e-05,8.49995e-06,2.00115,0.0114766,5.05683,80.373,0.1,1,0.1,-14736.830035
218,0.718014,1.04803e-05,8.49995e-06,2.00115,0.0114766,5.05683,80.373,0.1,1,0.1,-14736.830035
219,0.718014,1.04803e-05,8.49995e-06,2.00115,0.0114766,5.05683,80.373,0.1,1,0.1,-14736.830035
220,0.718014,1.04803e-05,8.49995e-06,2.00115,0.0114766,5.05683,80.373,0.1,1,0.1,-14736.830035
221,0.722016,1.03608e-05,8.56048e-06,2.03062,0.0113682,5.05044,80.2828,0.1,1,0.1,-14648.586152
222,0.721134,1.03027e-05,8.35114e-06,2.03788,0.0108112,5.06155,79.9366,0.1,1,0.1,-14566.801164
223,0.722736,1.03769e-05,8.32609e-06,2.0564,0.0105017,5.05558,79.7846,0.1,1,0.1,-14494.486204
224,0.722736,1.03769e-05,8.32609e-06,2.0564,0.0105017,5.05558,79.7846,0.1,1,0.1,-14494.486204
225,0.726763,1.0254e-05,8.50614e-06,2.06262,0.010139,5.0584,79.8738,0.1,1,0.1,-14439.078106
226,0.726763,1.0254e-05,8.50614e-06,2.06262,0.010139,5.0584,79.8738,0.1,1,0.1,-14439.078106
227,0.726763,1.0254e-05,8.50614e-06,2.06262,0.010139,5.0584,79.8738,0.1,1,0.1,-14439.078106
228,0.731971,1.02059e-05,8.71709e-06,2.04662,0.0101775,5.03243,79.9047,0.1,1,0.1,-14437.577603
229,0.731971,1.02059e-05,8.71709e-06,2.04662,0.0101775,5.03243,79.9047,0.1,1,0.1,-14437.577603
230,0.731357,1.01432e-05,9.12469e-06,2.05056,0.00981958,5.05167,80.0318,0.1,1,0.1,-14424.163248
231,0.731357,1.01432e-05,9.12469e-06,2.05056,0.00981958,5.05167,80.0318,0.1,1,0.1,-14424.163248
232,0.73809,1.02597e-05,9.23466e-06,2.08935,0.00994214,5.03883,79.974,0.1,1,0.1,-14299.562014
233,0.73809,1.02597e-05,9.23466e-06,2.08935,0.00994214,5.03883,79.974,0.1,1,0.1,-14299.562014
234,0.741982,1.02854e-05,9.25564e-06,2.07249,0.00971032,5.03712,79.9785,0.1,1,0.1,-14292.928815
235,0.748165,1.03341e-05,9.14131e-06,2.1095,0.00979523,5.04057,79.7556,0.1,1,0.1,-14178.223863
236,0.754489,1.02959e-05,9.24133e-06,2.13829,0.00921732,5.05293,80.241,0.1,1,0.1,-14066.990288
237,0.754489,1.02959e-05,9.24133e-06,2.13829,0.00921732,5.05293,80.241,0.1,1,0.1,-14066.990288
238,0.752258,1.05602e-05,9.23498e-06,2.15222,0.00903,5.06733,80.204,0.1,1,0.1,-14042.662260
239,0.752258,1.05602e-05,9.23498e-06,2.15222,0.00903,5.06733,80.204,0.1,1,0.1,-14042.662260
240,0.752258,1.05602e-05,9.23498e-06,2.15222,0.00903,5.06733,80.204,0.1,1,0.1,-14042.662260
241,0.755216,1.05862e-05,9.03828e-06,2.18319,0.00864617,5.04941,80.2055,0.1,1,0.1,-13955.239713
242,0.754285,1.0833e-05,9.10587e-06,2.20521,0.00908725,5.08848,80.0376,0.1,1,0.1,-13930.407398
243,0.754207,1.08564e-05,9.15401e-06,2.21087,0.00856425,5.08822,80.1681,0.1,1,0.1,-13898.904776
244,0.762002,1.03427e-05,8.87526e-06,2.22794,0.00832112,5.10961,80.171,0.1,1,0.1,-13802.277051
245,0.76733,1.02024e-05,8.94735e-06,2.23396,0.00850836,5.09404,80.1895,0.1,1,0.1,-13763.963467
246,0.76733,1.02024e-05,8.94735e-06,2.23396,0.00850836,5.09404,80.1895,0.1,1,0.1,-13763.963467
247,0.76384,1.01599e-05,8.97353e-06,2.26939,0.00873001,5.09548,80.2783,0.1,1,0.1,-13739.574854
248,0.76384,1.01599e-05,8.97353e-06,2.26939,0.00873001,5.09548,80.2783,0.1,1,0.1,-13739.574854
249,0.76384,1.01599e-05,8.97353e-06,2.26939,0.00873001,5.09548,80.2783,0.1,1,0.1,-13739.574854
250,0.764468,1.00415e-05,9.08806e-06,2.26397,0.00858776,5.09909,79.9659,0.1,1,0.1,-13721.188288
251,0.765673,1.00221e-05,9.10254e-06,2.28597,0.00866677,5.12542,79.9641,0.1,1,0.1,-13677.786540
252,0.765673,1.00221e-05,9.10254e-06,2.28597,0.00866677,5.12542,79.9641,0.1,1,0.1,-13677.786540
253,0.765673,1.00221e-05,9.10254e-06,2.28597,0.00866677,5.12542,79.9641,0.1,1,0.1,-13677.786540
254,0.765673,1.00221e-05,9.10254e-06,2.28597,0.00866677,5.12542,79.9641,0.1,1,0.1,-13677.786540
255,0.765673,1.00221e-05,9.10254e-06,2.28597,0.00866677,5.12542,79.9641,0.1,1,0.1,-13677.786540
256,0.765673,1.00221e-05,9.10254e-06,2.28597,0.00866677,5.12542,79.9641,0.1,1,0.1,-13677.786540
257,0.768664,9.78452e-06,8.86211e-06,2.30658,0.00901233,5.10721,80.1514,0.1,1,0.1,-13677.922658
258,0.768845,9.78118e-06,8.82072e-06,2.29312,0.00863633,5.11697,80.3157,0.1,1,0.1,-13659.953231
259,0.768845,9.78118e-06,8.82072e-06,2.29312,0.00863633,5.11697,80.3157,0.1,1,0.1,-13659.953231
260,0.768845,9.78118e-06,8.82072e-06,2.29312,0.00863633,5.11697,80.3157,0.1,1,0.1,-13659.953231
261,0.766686,9.53914e-06,8.71758e-06,2.35035,0.00825653,5.1042,80.2374,0.1,1,0.1,-13553.796329
262,0.766686,9.53914e-06,8.71758e-06,2.35035,0.00825653,5.1042,80.2374,0.1,1,0.1,-13553.796329
263,0.766686,9.53914e-06,8.71758e-06,2.35035,0.00825653,5.1042,80.2374,0.1,1,0.1,-13553.796329
264,0.766686,9.53914e-06,8.71758e-06,2.35035,0.00825653,5.1042,80.2374,0.1,1,0.1,-13553.796329
265,0.773523,9.58316e-06,8.48041e-06,2.33731,0.00815046,5.10472,80.1938,0.1,1,0.1,-13523.441300
266,0.773523,9.58316e-06,8.48041e-06,2.33731,0.00815046,5.10472,80.1938,0.1,1,0.1,-13523.441300
267,0.773523,9.58316e-06,8.48041e-06,2.33731,0.00815046,5.10472,80.1938,0.1,1,0.1,-13523.441300
268,0.771448,9.61742e-06,8.38793e-06,2.33991,0.00779291,5.09297,80.2693,0.1,1,0.1,-13520.170824
269,0.771448,9.61742e-06,8.38793e-06,2.33991,0.00779291,5.09297,80.2693,0.1,1,0.1,-13520.170824
270,0.771448,9.61742e-06,8.38793e-06,2.33991,0.00779291,5.09297,80.2693,0.1,1,0.1,-13520.170824
271,0.771448,9.61742e-06,8.38793e-06,2.33991,0.00779291,5.09297,80.2693,0.1,1,0.1,-13520.170824
272,0.771448,9.61742e-06,8.38793e-06,2.33991,0.00779291,5.09297,80.2693,0.1,1,0.1,-13520.170824
273,0.771448,9.61742e-06,8.38793e-06,2.33991,0.00779291,5.09297,80.2693,0.1,1,0.1,-13520.170824
274,0.771448,9.61742e-06,8.38793e-06,2.33991,0.00779291,5.09297,80.2693,0.1,1,0.1,-13520.170824
275,0.779101,9.63888e-06,8.56557e-06,2.33626,0.00754827,5.08979,80.0507,0.1,1,0.1,-13461.325818
276,0.779101,9.63888e-06,8.56557e-06,2.33626,0.00754827,5.08979,80.0507,0.1,1,0.1,-13461.325818
277,0.779101,9.63888e-06,8.56557e-06,2.33626,0.00754827,5.08979,80.0507,0.1,1,0.1,-13461.325818
278,0.779101,9.63888e-06,8.56557e-06,2.33626,0.00754827,5.08979,80.0507,0.1,1,0.1,-13461.325818
279,0.779101,9.63888e-06,8.56557e-06,2.33626,0.00754827,5.08979,80.0507,0.1,1,0.1,-13461.325818
280,0.781079,9.5143e-06,8.69128e-06,2.34091,0.00752762,5.11878,80.1727,0.1,1,0.1,-13434.659639
281,0.778356,9.39812e-06,8.54153e-06,2.35874,0.00738474,5.11766,80.4633,0.1,1,0.1,-13429.674934
282,0.778356,9.39812e-06,8.54153e-06,2.35874,0.00738474,5.11766,80.4633,0.1,1,0.1,-13429.674934
283,0.775009,9.47281e-06,8.57335e-06,2.37548,0.00752464,5.11313,80.3441,0.1,1,0.1,-13422.878333
284,0.775009,9.47281e-06,8.57335e-06,2.37548,0.00752464,5.11313,80.3441,0.1,1,0.1,-13422.878333
285,0.775009,9.47281e-06,8.57335e-06,2.37548,0.00752464,5.11313,80.3441,0.1,1,0.1,-13422.878333
286,0.784214,9.47402e-06,8.69129e-06,2.36589,0.00728281,5.11565,80.3329,0.1,1,0.1,-13370.312319
287,0.785603,9.28235e-06,8.46584e-06,2.37048,0.00732257,5.11323,80.1502,0.1,1,0.1,-13346.730251
288,0.785053,9.42268e-06,8.2732e-06,2.38672,0.00730466,5.11833,79.9604,0.1,1,0.1,-13316.531245
289,0.785053,9.42268e-06,8.2732e-06,2.38672,0.00730466,5.11833,79.9604,0.1,1,0.1,-13316.531245
290,0.785053,9.42268e-06,8.2732e-06,2.38672,0.00730466,5.11833,79.9604,0.1,1,0.1,-13316.531245
291,0.788574,9.1577e-06,8.50359e-06,2.38803,0.00734012,5.13513,79.8192,0.1,1,0.1,-13284.220267
292,0.788574,9.1577e-06,8.50359e-06,2.38803,0.00734012,5.13513,79.8192,0.1,1,0.1,-13284.220267
293,0.793773,8.89687e-06,8.2307e-06,2.41316,0.00732242,5.14852,79.8939,0.1,1,0.1,-13219.085958
294,0.798559,8.85062e-06,8.36264e-06,2.41873,0.00758197,5.13048,79.784,0.1,1,0.1,-13215.434790
295,0.798559,8.85062e-06,8.36264e-06,2.41873,0.00758197,5.13048,79.784,0.1,1,0.1,-13215.434790
296,0.798559,8.85062e-06,8.36264e-06,2.41873,0.00758197,5.13048,79.784,0.1,1,0.1,-13215.434790
297,0.797397,8.88904e-06,8.32798e-06,2.42436,0.00736737,5.13453,79.5682,0.1,1,0.1,-13184.623282
298,0.797397,8.88904e-06,8.32798e-06,2.42436,0.00736737,5.13453,79.5682,0.1,1,0.1,-13184.623282
299,0.800026,8.89043e-06,8.10958e-06,2.41834,0.00707263,5.14474,79.5006,0.1,1,0.1,-13149.022185
300,0.800026,8.89043e-06,8.10958e-06,2.41834,0.00707263,5.14474,79.5006,0.1,1,0.1,-13149.022185
301,0.800026,8.89043e-06,8.10958e-06,2.41834,0.00707263,5.14474,79.5006,0.1,1,0.1,-13149.022185
302,0.805527,9.0539e-06,8.02577e-06,2.4342,0.00690604,5.1734,79.3454,0.1,1,0.1,-13081.660708
303,0.80931,9.0111e-06,8.07789e-06,2.4141,0.00658008,5.16946,79.3214,0.1,1,0.1,-13068.675819
304,0.810521,8.99464e-06,7.91722e-06,2.42417,0.00662059,5.19557,79.3228,0.1,1,0.1,-13044.636137
305,0.809308,9.27874e-06,7.65857e-06,2.4428,0.00655291,5.23116,79.3878,0.1,1,0.1,-13020.688190
306,0.806766,9.46712e-06,7.86003e-06,2.45364,0.00631434,5.24038,79.0264,0.1,1,0.1,-13002.969896
307,0.806766,9.46712e-06,7.86003e-06,2.45364,0.00631434,5.24038,79.0264,0.1,1,0.1,-13002.969896
308,0.806766,9.46712e-06,7.86003e-06,2.45364,0.00631434,5.24038,79.0264,0.1,1,0.1,-13002.969896
309,0.812108,9.30125e-06,7.88925e-06,2.44879,0.00666612,5.22919,78.4156,0.1,1,0.1,-12982.720919
310,0.813471,9.20231e-06,8.03262e-06,2.44861,0.00645072,5.21205,78.8112,0.1,1,0.1,-12973.498069
311,0.814606,9.21893e-06,8.11293e-06,2.47577,0.00651697,5.23322,78.9128,0.1,1,0.1,-12940.416245
312,0.816342,9.01672e-06,8.05035e-06,2.46779,0.00642959,5.27042,79.1952,0.1,1,0.1,-12936.454949
313,0.821317,9.10391e-06,8.03119e-06,2.4815,0.00655224,5.28869,79.1945,0.1,1,0.1,-12908.506418
314,0.823166,9.19604e-06,8.03658e-06,2.46224,0.006384,5.29082,79.1478,0.1,1,0.1,-12907.549974
315,0.83196,9.15967e-06,7.92173e-06,2.44782,0.00659537,5.29183,78.9223,0.1,1,0.1,-12903.829183
316,0.826157,8.91291e-06,7.93631e-06,2.46273,0.00620459,5.30397,79.0344,0.1,1,0.1,-12872.928655
317,0.826157,8.91291e-06,7.93631e-06,2.46273,0.00620459,5.30397,79.0344,0.1,1,0.1,-12872.928655
318,0.826351,9.27179e-06,8.09381e-06,2.46809,0.00605568,5.3045,79.2411,0.1,1,0.1,-12865.262223
319,0.826351,9.27179e-06,8.09381e-06,2.46809,0.00605568,5.3045,79.2411,0.1,1,0.1,-12865.262223
320,0.826351,9.27179e-06,8.09381e-06,2.46809,0.00605568,5.3045,79.2411,0.1,1,0.1,-12865.262223
321,0.821782,9.35158e-06,8.07992e-06,2.49273,0.00628853,5.30891,79.0382,0.1,1,0.1,-12866.556189
322,0.825739,9.05157e-06,7.91605e-06,2.50781,0.00628528,5.31322,79.0191,0.1,1,0.1,-12829.678411
323,0.825739,9.05157e-06,7.91605e-06,2.50781,0.00628528,5.31322,79.0191,0.1,1,0.1,-12829.678411
324,0.825739,9.05157e-06,7.91605e-06,2.50781,0.00628528,5.31322,79.0191,0.1,1,0.1,-12829.678411
325,0.825739,9.05157e-06,7.91605e-06,2.50781,0.00628528,5.31322,79.0191,0.1,1,0.1,-12829.678411
326,0.827216,8.99443e-06,7.65655e-06,2.51738,0.00629737,5.2901,79.2077,0.1,1,0.1,-12822.564613
327,0.827216,8.99443e-06,7.65655e-06,2.51738,0.00629737,5.2901,79.2077,0.1,1,0.1,-12822.564613
328,0.827731,9.02104e-06,7.56846e-06,2.55322,0.00643856,5.28013,79.1144,0.1,1,0.1,-12804.927493
329,0.823924,8.8848e-06,7.77826e-06,2.5592,0.00626589,5.29323,78.9056,0.1,1,0.1,-12781.495107
330,0.823924,8.8848e-06,7.77826e-06,2.5592,0.00626589,5.29323,78.9056,0.1,1,0.1,-12781.495107
331,0.820997,8.89941e-06,7.70092e-06,2.56615,0.00605973,5.28613,78.798,0.1,1,0.1,-12760.447516
332,0.831388,8.79993e-06,7.73303e-06,2.57967,0.00591297,5.2777,78.6293,0.1,1,0.1,-12692.081010
333,0.831388,8.79993e-06,7.73303e-06,2.57967,0.00591297,5.2777,78.6293,0.1,1,0.1,-12692.081010
334,0.831388,8.79993e-06,7.73303e-06,2.57967,0.00591297,5.2777,78.6293,0.1,1,0.1,-12692.081010
335,0.831388,8.79993e-06,7.73303e-06,2.57967,0.00591297,5.2777,78.6293,0.1,1,0.1,-12692.081010
336,0.831388,8.79993e-06,7.73303e-06,2.57967,0.00591297,5.2777,78.6293,0.1,1,0.1,-12692.081010
337,0.833036,8.68328e-06,7.83914e-06,2.58758,0.00600282,5.28922,78.5948,0.1,1,0.1,-12687.826385
338,0.833036,8.68328e-06,7.83914e-06,2.58758,0.00600282,5.28922,78.5948,0.1,1,0.1,-12687.826385
339,0.833054,8.77843e-06,8.06616e-06,2.61702,0.00578442,5.32161,78.6815,0.1,1,0.1,-12636.658261
340,0.833054,8.77843e-06,8.06616e-06,2.61702,0.00578442,5.32161,78.6815,0.1,1,0.1,-12636.658261
341,0.833054,8.77843e-06,8.06616e-06,2.61702,0.00578442,5.32161,78.6815,0.1,1,0.1,-12636.658261
342,0.833054,8.77843e-06,8.06616e-06,2.61702,0.00578442,5.32161,78.6815,0.1,1,0.1,-12636.658261
343,0.837356,8.64758e-06,8.02614e-06,2.62005,0.0053993,5.32074,78.737,0.1,1,0.1,-12583.917103
344,0.837356,8.64758e-06,8.02614e-06,2.62005,0.0053993,5.32074,78.737,0.1,1,0.1,-12583.917103
345,0.837356,8.64758e-06,8.02614e-06,2.62005,0.0053993,5.32074,78.737,0.1,1,0.1,-12583.917103
346,0.837356,8.64758e-06,8.02614e-06,2.62005,0.0053993,5.32074,78.737,0.1,1,0.1,-12583.917103
347,0.837356,8.64758e-06,8.02614e-06,2.62005,0.0053993,5.32074,78.737,0.1,1,0.1,-12583.917103
348,0.841448,8.6184e-06,7.92669e-06,2.6137,0.00528523,5.33651,78.8396,0.1,1,0.1,-12567.851100
349,0.837317,8.70124e-06,7.98257e-06,2.6284,0.00500959,5.33109,78.8949,0.1,1,0.1,-12561.755690
350,0.837317,8.70124e-06,7.98257e-06,2.6284,0.00500959,5.33109,78.8949,0.1,1,0.1,-12561.755690
351,0.841937,8.69707e-06,8.0224e-06,2.63907,0.00520514,5.33836,78.9884,0.1,1,0.1,-12539.655248
352,0.841937,8.69707e-06,8.0224e-06,2.63907,0.00520514,5.33836,78.9884,0.1,1,0.1,-12539.655248
353,0.841937,8.69707e-06,8.0224e-06,2.63907,0.00520514,5.33836,78.9884,0.1,1,0.1,-12539.655248
354,0.842999,8.79692e-06,8.09465e-06,2.66907,0.00496273,5.33069,78.8195,0.1,1,0.1,-12492.164916
355,0.842999,8.79692e-06,8.09465e-06,2.66907,0.00496273,5.33069,78.8195,0.1,1,0.1,-12492.164916
356,0.842999,8.79692e-06,8.09465e-06,2.66907,0.00496273,5.33069,78.8195,0.1,1,0.1,-12492.164916
357,0.842999,8.79692e-06,8.09465e-06,2.66907,0.00496273,5.33069,78.8195,0.1,1,0.1,-12492.164916
358,0.842999,8.79692e-06,8.09465e-06,2.66907,0.00496273,5.33069,78.8195,0.1,1,0.1,-12492.164916
359,0.843754,8.92777e-06,8.12759e-06,2.67611,0.0049871,5.33378,78.9124,0.1,1,0.1,-12486.466114
360,0.846008,8.88643e-06,7.97633e-06,2.66452,0.00495616,5.33786,78.7977,0.1,1,0.1,-12485.612651
361,0.84302,8.61166e-06,7.9829e-06,2.67802,0.00487422,5.33568,78.7576,0.1,1,0.1,-12474.687828
362,0.847773,8.37684e-06,7.88999e-06,2.66571,0.00480838,5.35793,78.8882,0.1,1,0.1,-12462.717744
363,0.858262,8.25881e-06,7.73109e-06,2.6781,0.00492222,5.35529,78.9563,0.1,1,0.1,-12419.065948
364,0.862263,8.39993e-06,7.65076e-06,2.67086,0.00495296,5.36287,78.9798,0.1,1,0.1,-12417.414186
365,0.862263,8.39993e-06,7.65076e-06,2.67086,0.00495296,5.36287,78.9798,0.1,1,0.1,-12417.414186
366,0.865566,8.11697e-06,7.47038e-06,2.68498,0.00499184,5.3755,79.0526,0.1,1,0.1,-12403.183341
367,0.859556,8.00323e-06,7.48209e-06,2.69882,0.00496715,5.39063,78.8756,0.1,1,0.1,-12398.813989
368,0.861951,7.95706e-06,7.54873e-06,2.70047,0.0047795,5.39883,79.1,0.1,1,0.1,-12372.460642
369,0.861951,7.95706e-06,7.54873e-06,2.70047,0.0047795,5.39883,79.1,0.1,1,0.1,-12372.460642
370,0.861951,7.95706e-06,7.54873e-06,2.70047,0.0047795,5.39883,79.1,0.1,1,0.1,-12372.460642
371,0.863411,8.03385e-06,7.43794e-06,2.71461,0.00468511,5.39603,78.8597,0.1,1,0.1,-12345.106020
372,0.863411,8.03385e-06,7.43794e-06,2.71461,0.00468511,5.39603,78.8597,0.1,1,0.1,-12345.106020
373,0.863411,8.03385e-06,7.43794e-06,2.71461,0.00468511,5.39603,78.8597,0.1,1,0.1,-12345.106020
374,0.863411,8.03385e-06,7.43794e-06,2.71461,0.00468511,5.39603,78.8597,0.1,1,0.1,-12345.106020
375,0.863411,8.03385e-06,7.43794e-06,2.71461,0.00468511,5.39603,78.8597,0.1,1,0.1,-12345.106020
376,0.863411,8.03385e-06,7.43794e-06,2.71461,0.00468511,5.39603,78.8597,0.1,1,0.1,-12345.106020
377,0.863411,8.03385e-06,7.43794e-06,2.71461,0.00468511,5.39603,78.8597,0.1,1,0.1,-12345.106020
378,0.863411,8.03385e-06,7.43794e-06,2.71461,0.00468511,5.39603,78.8597,0.1,1,0.1,-12345.106020
379,0.870496,8.27266e-06,7.60982e-06,2.71626,0.00457151,5.38272,78.7866,0.1,1,0.1,-12316.268929
380,0.871718,8.1538e-06,7.69101e-06,2.71787,0.00449128,5.37384,78.9254,0.1,1,0.1,-12307.071456
381,0.868392,7.82963e-06,7.77657e-06,2.72334,0.00428296,5.36569,79.2375,0.1,1,0.1,-12307.832430
382,0.868392,7.82963e-06,7.77657e-06,2.72334,0.00428296,5.36569,79.2375,0.1,1,0.1,-12307.832430
383,0.868392,7.82963e-06,7.77657e-06,2.72334,0.00428296,5.36569,79.2375,0.1,1,0.1,-12307.832430
384,0.868392,7.82963e-06,7.77657e-06,2.72334,0.00428296,5.36569,79.2375,0.1,1,0.1,-12307.832430
385,0.868392,7.82963e-06,7.77657e-06,2.72334,0.00428296,5.36569,79.2375,0.1,1,0.1,-12307.832430
386,0.867928,7.83002e-06,7.92327e-06,2.71806,0.00429624,5.40002,78.8811,0.1,1,0.1,-12307.427784
387,0.870552,7.79806e-06,7.8804e-06,2.71226,0.00423606,5.40158,78.8508,0.1,1,0.1,-12301.625603
388,0.870552,7.79806e-06,7.8804e-06,2.71226,0.00423606,5.40158,78.8508,0.1,1,0.1,-12301.625603
389,0.872205,7.65949e-06,7.90586e-06,2.70942,0.00421202,5.40232,78.8679,0.1,1,0.1,-12294.852906
390,0.877981,7.64321e-06,8.01146e-06,2.70766,0.00413832,5.43731,78.6914,0.1,1,0.1,-12269.539845
391,0.883927,7.68569e-06,8.01142e-06,2.70582,0.00394169,5.44027,78.8096,0.1,1,0.1,-12253.931981
392,0.888201,7.64565e-06,7.74448e-06,2.70691,0.00419182,5.44744,78.9868,0.1,1,0.1,-12237.134020
393,0.888201,7.64565e-06,7.74448e-06,2.70691,0.00419182,5.44744,78.9868,0.1,1,0.1,-12237.134020
394,0.888201,7.64565e-06,7.74448e-06,2.70691,0.00419182,5.44744,78.9868,0.1,1,0.1,-12237.134020
395,0.888201,7.64565e-06,7.74448e-06,2.70691,0.00419182,5.44744,78.9868,0.1,1,0.1,-12237.134020
396,0.888201,7.64565e-06,7.74448e-06,2.70691,0.00419182,5.44744,78.9868,0.1,1,0.1,-12237.134020
397,0.8887,7.61384e-06,7.43383e-06,2.70687,0.00390108,5.46521,79.1319,0.1,1,0.1,-12236.566707
398,0.88858,7.42829e-06,7.34246e-06,2.71398,0.00382744,5.46577,78.8133,0.1,1,0.1,-12220.690854
399,0.88858,7.42829e-06,7.34246e-06,2.71398,0.00382744,5.46577,78.8133,0.1,1,0.1,-12220.690854
400,0.88858,7.42829e-06,7.34246e-06,2.71398,0.00382744,5.46577,78.8133,0.1,1,0.1,-12220.690854
401,0.890491,7.34377e-06,7.25273e-06,2.71488,0.00409854,5.47551,78.4787,0.1,1,0.1,-12203.328232
402,0.892434,7.28893e-06,7.37764e-06,2.72803,0.00397795,5.4832,78.3817,0.1,1,0.1,-12179.119314
403,0.893711,7.20449e-06,7.59287e-06,2.72981,0.00391076,5.46965,78.4879,0.1,1,0.1,-12173.079238
404,0.893711,7.20449e-06,7.59287e-06,2.72981,0.00391076,5.46965,78.4879,0.1,1,0.1,-12173.079238
405,0.893711,7.20449e-06,7.59287e-06,2.72981,0.00391076,5.46965,78.4879,0.1,1,0.1,-12173.079238
406,0.889157,7.32123e-06,7.67944e-06,2.75672,0.0037953,5.47942,78.3468,0.1,1,0.1,-12169.072836
407,0.889157,7.32123e-06,7.67944e-06,2.75672,0.0037953,5.47942,78.3468,0.1,1,0.1,-12169.072836
408,0.889157,7.32123e-06,7.67944e-06,2.75672,0.0037953,5.47942,78.3468,0.1,1,0.1,-12169.072836
409,0.889157,7.32123e-06,7.67944e-06,2.75672,0.0037953,5.47942,78.3468,0.1,1,0.1,-12169.072836
410,0.889157,7.32123e-06,7.67944e-06,2.75672,0.0037953,5.47942,78.3468,0.1,1,0.1,-12169.072836
411,0.889157,7.32123e-06,7.67944e-06,2.75672,0.0037953,5.47942,78.3468,0.1,1,0.1,-12169.072836
412,0.889157,7.32123e-06,7.67944e-06,2.75672,0.0037953,5.47942,78.3468,0.1,1,0.1,-12169.072836
413,0.889157,7.32123e-06,7.67944e-06,2.75672,0.0037953,5.47942,78.3468,0.1,1,0.1,-12169.072836
414,0.887858,7.28625e-06,7.90271e-06,2.76789,0.00382784,5.45795,78.256,0.1,1,0.1,-12159.929787
415,0.887858,7.28625e-06,7.90271e-06,2.76789,0.00382784,5.45795,78.256,0.1,1,0.1,-12159.929787
416,0.890364,7.36679e-06,7.79319e-06,2.76263,0.00399943,5.4701,78.1539,0.1,1,0.1,-12157.888158
417,0.890364,7.36679e-06,7.79319e-06,2.76263,0.00399943,5.4701,78.1539,0.1,1,0.1,-12157.888158
418,0.889759,7.19045e-06,7.73064e-06,2.76614,0.00377195,5.45605,78.1555,0.1,1,0.1,-12152.776529
419,0.886483,7.16167e-06,8.05362e-06,2.7756,0.00364417,5.45549,78.1515,0.1,1,0.1,-12154.904694
420,0.886483,7.16167e-06,8.05362e-06,2.7756,0.00364417,5.45549,78.1515,0.1,1,0.1,-12154.904694
421,0.887457,7.01641e-06,7.94956e-06,2.77511,0.00383031,5.4695,78.26,0.1,1,0.1,-12146.255029
422,0.886532,6.95126e-06,8.1436e-06,2.79223,0.003957,5.48701,77.9803,0.1,1,0.1,-12134.578854
423,0.886588,7.11168e-06,8.11794e-06,2.79379,0.00382426,5.4685,77.8635,0.1,1,0.1,-12126.969205
424,0.886588,7.11168e-06,8.11794e-06,2.79379,0.00382426,5.4685,77.8635,0.1,1,0.1,-12126.969205
425,0.886588,7.11168e-06,8.11794e-06,2.79379,0.00382426,5.4685,77.8635,0.1,1,0.1,-12126.969205
426,0.893045,7.06204e-06,8.01507e-06,2.7965,0.0038183,5.48813,77.8554,0.1,1,0.1,-12105.241488
427,0.893045,7.06204e-06,8.01507e-06,2.7965,0.0038183,5.48813,77.8554,0.1,1,0.1,-12105.241488
428,0.894592,6.9688e-06,7.96849e-06,2.79732,0.0038567,5.48466,77.8811,0.1,1,0.1,-12104.466272
429,0.894592,6.9688e-06,7.96849e-06,2.79732,0.0038567,5.48466,77.8811,0.1,1,0.1,-12104.466272
430,0.897329,6.90541e-06,7.94251e-06,2.8001,0.00379466,5.52015,78.0186,0.1,1,0.1,-12092.384570
431,0.899293,6.88976e-06,7.78044e-06,2.80057,0.00367242,5.51388,77.8609,0.1,1,0.1,-12076.431324
432,0.899293,6.88976e-06,7.78044e-06,2.80057,0.00367242,5.51388,77.8609,0.1,1,0.1,-12076.431324
433,0.901154,6.90125e-06,7.70974e-06,2.80241,0.00355135,5.5041,77.8845,0.1,1,0.1,-12066.432059
434,0.901154,6.90125e-06,7.70974e-06,2.80241,0.00355135,5.5041,77.8845,0.1,1,0.1,-12066.432059
435,0.901154,6.90125e-06,7.70974e-06,2.80241,0.00355135,5.5041,77.8845,0.1,1,0.1,-12066.432059
436,0.901665,6.83224e-06,7.78379e-06,2.8041,0.00348071,5.528,77.7445,0.1,1,0.1,-12059.431915
437,0.901665,6.83224e-06,7.78379e-06,2.8041,0.00348071,5.528,77.7445,0.1,1,0.1,-12059.431915
438,0.901225,6.98305e-06,7.87643e-06,2.81751,0.00345445,5.51975,77.7349,0.1,1,0.1,-12050.583108
439,0.901649,6.7147e-06,7.93976e-06,2.82026,0.0034816,5.53376,77.5711,0.1,1,0.1,-12037.134930
440,0.904368,6.66662e-06,7.76504e-06,2.8172,0.00342705,5.53783,77.3769,0.1,1,0.1,-12029.487526
441,0.904368,6.66662e-06,7.76504e-06,2.8172,0.00342705,5.53783,77.3769,0.1,1,0.1,-12029.487526
442,0.908548,6.58677e-06,7.72856e-06,2.82144,0.00343323,5.52565,77.3744,0.1,1,0.1,-12013.273334
443,0.907758,6.48735e-06,7.80787e-06,2.82442,0.00333381,5.54483,77.5439,0.1,1,0.1,-12011.395842
444,0.907758,6.48735e-06,7.80787e-06,2.82442,0.00333381,5.54483,77.5439,0.1,1,0.1,-12011.395842
445,0.908797,6.35163e-06,7.88746e-06,2.82753,0.00314848,5.56428,77.434,0.1,1,0.1,-12009.217560
446,0.910478,6.44673e-06,7.70846e-06,2.82982,0.00332234,5.57648,77.6026,0.1,1,0.1,-11998.651347
447,0.910478,6.44673e-06,7.70846e-06,2.82982,0.00332234,5.57648,77.6026,0.1,1,0.1,-11998.651347
448,0.910982,6.37132e-06,7.48623e-06,2.83147,0.00334724,5.60307,77.6165,0.1,1,0.1,-11998.962280
449,0.911454,6.41292e-06,7.50234e-06,2.84945,0.00327356,5.60246,77.448,0.1,1,0.1,-11979.249842
450,0.911454,6.41292e-06,7.50234e-06,2.84945,0.00327356,5.60246,77.448,0.1,1,0.1,-11979.249842
451,0.911212,6.36327e-06,7.41859e-06,2.8509,0.00320484,5.62066,77.4817,0.1,1,0.1,-11979.397981
452,0.913824,6.24652e-06,7.5521e-06,2.84672,0.00328038,5.64128,77.2456,0.1,1,0.1,-11971.300959
453,0.913824,6.24652e-06,7.5521e-06,2.84672,0.00328038,5.64128,77.2456,0.1,1,0.1,-11971.300959
454,0.913824,6.24652e-06,7.5521e-06,2.84672,0.00328038,5.64128,77.2456,0.1,1,0.1,-11971.300959
455,0.914337,6.41482e-06,7.53329e-06,2.84771,0.00325599,5.63792,77.4261,0.1,1,0.1,-11971.788434
456,0.914337,6.41482e-06,7.53329e-06,2.84771,0.00325599,5.63792,77.4261,0.1,1,0.1,-11971.788434
457,0.915564,6.56444e-06,7.5687e-06,2.84889,0.00320074,5.61816,77.3191,0.1,1,0.1,-11967.172097
458,0.916396,6.33118e-06,7.45877e-06,2.84838,0.00315317,5.64174,77.2486,0.1,1,0.1,-11961.866263
459,0.917347,6.10827e-06,7.56801e-06,2.84992,0.00318428,5.62992,77.1375,0.1,1,0.1,-11952.092605
460,0.917347,6.10827e-06,7.56801e-06,2.84992,0.00318428,5.62992,77.1375,0.1,1,0.1,-11952.092605
461,0.918581,6.14839e-06,7.44178e-06,2.85391,0.0031322,5.64093,77.2845,0.1,1,0.1,-11948.278837
462,0.918581,6.14839e-06,7.44178e-06,2.85391,0.0031322,5.64093,77.2845,0.1,1,0.1,-11948.278837
463,0.918581,6.14839e-06,7.44178e-06,2.85391,0.0031322,5.64093,77.2845,0.1,1,0.1,-11948.278837
464,0.918581,6.14839e-06,7.44178e-06,2.85391,0.0031322,5.64093,77.2845,0.1,1,0.1,-11948.278837
465,0.918887,6.02754e-06,7.27167e-06,2.85137,0.00304976,5.65097,77.0717,0.1,1,0.1,-11947.746376
466,0.918887,6.02754e-06,7.27167e-06,2.85137,0.00304976,5.65097,77.0717,0.1,1,0.1,-11947.746376
467,0.918887,6.02754e-06,7.27167e-06,2.85137,0.00304976,5.65097,77.0717,0.1,1,0.1,-11947.746376
468,0.918887,6.02754e-06,7.27167e-06,2.85137,0.00304976,5.65097,77.0717,0.1,1,0.1,-11947.746376
469,0.918887,6.02754e-06,7.27167e-06,2.85137,0.00304976,5.65097,77.0717,0.1,1,0.1,-11947.746376
470,0.918887,6.02754e-06,7.27167e-06,2.85137,0.00304976,5.65097,77.0717,0.1,1,0.1,-11947.746376
471,0.918887,6.02754e-06,7.27167e-06,2.85137,0.00304976,5.65097,77.0717,0.1,1,0.1,-11947.746376
472,0.91712,6.0226e-06,7.30779e-06,2.8573,0.00317657,5.65175,76.9217,0.1,1,0.1,-11947.037195
473,0.918356,5.92487e-06,7.34267e-06,2.8507,0.00305535,5.65188,76.9006,0.1,1,0.1,-11944.016145
474,0.918356,5.92487e-06,7.34267e-06,2.8507,0.00305535,5.65188,76.9006,0.1,1,0.1,-11944.016145
475,0.918356,5.92487e-06,7.34267e-06,2.8507,0.00305535,5.65188,76.9006,0.1,1,0.1,-11944.016145
476,0.918356,5.92487e-06,7.34267e-06,2.8507,0.00305535,5.65188,76.9006,0.1,1,0.1,-11944.016145
477,0.915792,5.7456e-06,7.35838e-06,2.85275,0.00305221,5.6322,76.7867,0.1,1,0.1,-11944.354060
478,0.915792,5.7456e-06,7.35838e-06,2.85275,0.00305221,5.6322,76.7867,0.1,1,0.1,-11944.354060
479,0.915792,5.7456e-06,7.35838e-06,2.85275,0.00305221,5.6322,76.7867,0.1,1,0.1,-11944.354060
480,0.915792,5.7456e-06,7.35838e-06,2.85275,0.00305221,5.6322,76.7867,0.1,1,0.1,-11944.354060
481,0.916597,5.71077e-06,7.34783e-06,2.85201,0.00301123,5.63205,76.6342,0.1,1,0.1,-11941.075829
482,0.917348,5.7031e-06,7.31277e-06,2.85768,0.00293163,5.62564,76.7227,0.1,1,0.1,-11938.969094
483,0.917289,5.60206e-06,7.24418e-06,2.86397,0.00307631,5.63395,76.8133,0.1,1,0.1,-11930.601305
484,0.917962,5.53983e-06,7.22264e-06,2.86897,0.00298156,5.63933,76.4143,0.1,1,0.1,-11916.771028
485,0.917962,5.53983e-06,7.22264e-06,2.86897,0.00298156,5.63933,76.4143,0.1,1,0.1,-11916.771028
486,0.919471,5.39632e-06,7.06924e-06,2.87425,0.00304648,5.65008,76.4507,0.1,1,0.1,-11913.660694
487,0.918847,5.28622e-06,7.22763e-06,2.87677,0.00292282,5.6518,76.5125,0.1,1,0.1,-11903.680667
488,0.918847,5.28622e-06,7.22763e-06,2.87677,0.00292282,5.6518,76.5125,0.1,1,0.1,-11903.680667
489,0.920996,5.24096e-06,7.51013e-06,2.87279,0.00294393,5.66571,76.415,0.1,1,0.1,-11897.361245
490,0.920996,5.24096e-06,7.51013e-06,2.87279,0.00294393,5.66571,76.415,0.1,1,0.1,-11897.361245
491,0.920996,5.24096e-06,7.51013e-06,2.87279,0.00294393,5.66571,76.415,0.1,1,0.1,-11897.361245
492,0.920996,5.24096e-06,7.51013e-06,2.87279,0.00294393,5.66571,76.415,0.1,1,0.1,-11897.361245
493,0.920996,5.24096e-06,7.51013e-06,2.87279,0.00294393,5.66571,76.415,0.1,1,0.1,-11897.361245
494,0.920942,5.21889e-06,7.59815e-06,2.87582,0.00297401,5.6591,76.2316,0.1,1,0.1,-11894.132131
495,0.922445,5.21621e-06,7.81693e-06,2.88138,0.00288912,5.65093,76.3247,0.1,1,0.1,-11882.326628
496,0.922445,5.21621e-06,7.81693e-06,2.88138,0.00288912,5.65093,76.3247,0.1,1,0.1,-11882.326628
497,0.922445,5.21621e-06,7.81693e-06,2.88138,0.00288912,5.65093,76.3247,0.1,1,0.1,-11882.326628
498,0.922445,5.21621e-06,7.81693e-06,2.88138,0.00288912,5.65093,76.3247,0.1,1,0.1,-11882.326628
499,0.922445,5.21621e-06,7.81693e-06,2.88138,0.00288912,5.65093,76.3247,0.1,1,0.1,-11882.326628
500,0.925386,5.19202e-06,8.04031e-06,2.8848,0.00279256,5.66699,76.2431,0.1,1,0.1,-11871.114697
501,0.924148,5.24653e-06,8.11858e-06,2.89093,0.00284324,5.65955,76.4783,0.1,1,0.1,-11871.074740
502,0.924018,5.22829e-06,8.05986e-06,2.89121,0.00283512,5.65916,76.2644,0.1,1,0.1,-11868.932414
503,0.924018,5.22829e-06,8.05986e-06,2.89121,0.00283512,5.65916,76.2644,0.1,1,0.1,-11868.932414
504,0.924274,5.18806e-06,8.2056e-06,2.89741,0.00285578,5.64119,76.1648,0.1,1,0.1,-11860.536198
505,0.935244,4.95862e-06,7.35287e-06,2.9458,0.00095756,5.71945,76.2795,0.1,1,0.1,-9654.770269
506,0.933226,5.20284e-06,7.28213e-06,2.95062,0.000768163,5.72718,76.5963,0.1,1,0.1,-9634.971909
507,0.933226,5.20284e-06,7.28213e-06,2.95062,0.000768163,5.72718,76.5963,0.1,1,0.1,-9634.971909
508,0.941192,5.59149e-06,6.37505e-06,2.96289,0.000778273,5.77671,75.5128,0.1,1,0.1,-9626.443794
509,0.946579,5.01554e-06,6.43094e-06,2.96876,0.000737243,5.80836,75.0813,0.1,1,0.1,-9624.542636
510,0.946579,5.01554e-06,6.43094e-06,2.96876,0.000737243,5.80836,75.0813,0.1,1,0.1,-9624.542636
511,0.946579,5.01554e-06,6.43094e-06,2.96876,0.000737243,5.80836,75.0813,0.1,1,0.1,-9624.542636
512,0.946579,5.01554e-06,6.43094e-06,2.96876,0.000737243,5.80836,75.0813,0.1,1,0.1,-9624.542636
513,0.946579,5.01554e-06,6.43094e-06,2.96876,0.000737243,5.80836,75.0813,0.1,1,0.1,-9624.542636
514,0.946579,5.01554e-06,6.43094e-06,2.96876,0.000737243,5.80836,75.0813,0.1,1,0.1,-9624.542636
515,0.946579,5.01554e-06,6.43094e-06,2.96876,0.000737243,5.80836,75.0813,0.1,1,0.1,-9624.542636
516,0.946579,5.01554e-06,6.43094e-06,2.96876,0.000737243,5.80836,75.0813,0.1,1,0.1,-9624.542636
517,0.946579,5.01554e-06,6.43094e-06,2.96876,0.000737243,5.80836,75.0813,0.1,1,0.1,-9624.542636
518,0.946579,5.01554e-06,6.43094e-06,2.96876,0.000737243,5.80836,75.0813,0.1,1,0.1,-9624.542636
519,0.946579,5.01554e-06,6.43094e-06,2.96876,0.000737243,5.80836,75.0813,0.1,1,0.1,-9624.542636
520,0.946579,5.01554e-06,6.43094e-06,2.96876,0.000737243,5.80836,75.0813,0.1,1,0.1,-9624.542636
521,0.946579,5.01554e-06,6.43094e-06,2.96876,0.000737243,5.80836,75.0813,0.1,1,0.1,-9624.542636
522,0.946579,5.01554e-06,6.43094e-06,2.96876,0.000737243,5.80836,75.0813,0.1,1,0.1,-9624.542636
523,0.946579,5.01554e-06,6.43094e-06,2.96876,0.000737243,5.80836,75.0813,0.1,1,0.1,-9624.542636
524,0.946579,5.01554e-06,6.43094e-06,2.96876,0.000737243,5.80836,75.0813,0.1,1,0.1,-9624.542636
525,0.946579,5.01554e-06,6.43094e-06,2.96876,0.000737243,5.80836,75.0813,0.1,1,0.1,-9624.542636
526,0.946579,5.01554e-06,6.43094e-06,2.96876,0.000737243,5.80836,75.0813,0.1,1,0.1,-9624.542636
527,0.946579,5.01554e-06,6.43094e-06,2.96876,0.000737243,5.80836,75.0813,0.1,1,0.1,-9624.542636
528,0.946579,5.01554e-06,6.43094e-06,2.96876,0.000737243,5.80836,75.0813,0.1,1,0.1,-9624.542636
529,0.946579,5.01554e-06,6.43094e-06,2.96876,0.000737243,5.80836,75.0813,0.1,1,0.1,-9624.542636
530,0.946579,5.01554e-06,6.43094e-06,2.96876,0.000737243,5.80836,75.0813,0.1,1,0.1,-9624.542636
531,0.946579,5.01554e-06,6.43094e-06,2.96876,0.000737243,5.80836,75.0813,0.1,1,0.1,-9624.542636
532,0.946579,5.01554e-06,6.43094e-06,2.96876,0.000737243,5.80836,75.0813,0.1,1,0.1,-9624.542636
533,0.946579,5.01554e-06,6.43094e-06,2.96876,0.000737243,5.80836,75.0813,0.1,1,0.1,-9624.542636
534,0.946579,5.01554e-06,6.43094e-06,2.96876,0.000737243,5.80836,75.0813,0.1,1,0.1,-9624.542636
535,0.946579,5.01554e-06,6.43094e-06,2.96876,0.000737243,5.80836,75.0813,0.1,1,0.1,-9624.542636
536,0.946579,5.01554e-06,6.43094e-06,2.96876,0.000737243,5.80836,75.0813,0.1,1,0.1,-9624.542636
537,0.946579,5.01554e-06,6.43094e-06,2.96876,0.000737243,5.80836,75.0813,0.1,1,0.1,-9624.542636
538,0.946579,5.01554e-06,6.43094e-06,2.96876,0.000737243,5.80836,75.0813,0.1,1,0.1,-9624.542636
539,0.946579,5.01554e-06,6.43094e-06,2.96876,0.000737243,5.80836,75.0813,0.1,1,0.1,-9624.542636
540,0.946579,5.01554e-06,6.43094e-06,2.96876,0.000737243,5.80836,75.0813,0.1,1,0.1,-9624.542636
541,0.946579,5.01554e-06,6.43094e-06,2.96876,0.000737243,5.80836,75.0813,0.1,1,0.1,-9624.542636
542,0.946579,5.01554e-06,6.43094e-06,2.96876,0.000737243,5.80836,75.0813,0.1,1,0.1,-9624.542636
543,0.946579,5.01554e-06,6.43094e-06,2.96876,0.000737243,5.80836,75.0813,0.1,1,0.1,-9624.542636
544,0.948355,4.76974e-06,6.86169e-06,2.97144,0.000788543,5.82018,75.135,0.1,1,0.1,-9623.363994
545,0.948355,4.76974e-06,6.86169e-06,2.97144,0.000788543,5.82018,75.135,0.1,1,0.1,-9623.363994
546,0.948355,4.76974e-06,6.86169e-06,2.97144,0.000788543,5.82018,75.135,0.1,1,0.1,-9623.363994
547,0.948355,4.76974e-06,6.86169e-06,2.97144,0.000788543,5.82018,75.135,0.1,1,0.1,-9623.363994
548,0.948355,4.76974e-06,6.86169e-06,2.97144,0.000788543,5.82018,75.135,0.1,1,0.1,-9623.363994
549,0.948355,4.76974e-06,6.86169e-06,2.97144,0.000788543,5.82018,75.135,0.1,1,0.1,-9623.363994
550,0.948355,4.76974e-06,6.86169e-06,2.97144,0.000788543,5.82018,75.135,0.1,1,0.1,-9623.363994
551,0.948355,4.76974e-06,6.86169e-06,2.97144,0.000788543,5.82018,75.135,0.1,1,0.1,-9623.363994
552,0.948355,4.76974e-06,6.86169e-06,2.97144,0.000788543,5.82018,75.135,0.1,1,0.1,-9623.363994
553,0.948355,4.76974e-06,6.86169e-06,2.97144,0.000788543,5.82018,75.135,0.1,1,0.1,-9623.363994
554,0.948355,4.76974e-06,6.86169e-06,2.97144,0.000788543,5.82018,75.135,0.1,1,0.1,-9623.363994
555,0.948355,4.76974e-06,6.86169e-06,2.97144,0.000788543,5.82018,75.135,0.1,1,0.1,-9623.363994
556,0.948355,4.76974e-06,6.86169e-06,2.97144,0.000788543,5.82018,75.135,0.1,1,0.1,-9623.363994
557,0.948355,4.76974e-06,6.86169e-06,2.97144,0.000788543,5.82018,75.135,0.1,1,0.1,-9623.363994
558,0.948355,4.76974e-06,6.86169e-06,2.97144,0.000788543,5.82018,75.135,0.1,1,0.1,-9623.363994
559,0.948355,4.76974e-06,6.86169e-06,2.97144,0.000788543,5.82018,75.135,0.1,1,0.1,-9623.363994
560,0.948355,4.76974e-06,6.86169e-06,2.97144,0.000788543,5.82018,75.135,0.1,1,0.1,-9623.363994
561,0.948355,4.76974e-06,6.86169e-06,2.97144,0.000788543,5.82018,75.135,0.1,1,0.1,-9623.363994
562,0.948355,4.76974e-06,6.86169e-06,2.97144,0.000788543,5.82018,75.135,0.1,1,0.1,-9623.363994
563,0.948355,4.76974e-06,6.86169e-06,2.97144,0.000788543,5.82018,75.135,0.1,1,0.1,-9623.363994
564,0.948355,4.76974e-06,6.86169e-06,2.97144,0.000788543,5.82018,75.135,0.1,1,0.1,-9623.363994
565,0.948355,4.76974e-06,6.86169e-06,2.97144,0.000788543,5.82018,75.135,0.1,1,0.1,-9623.363994
566,0.948355,4.76974e-06,6.86169e-06,2.97144,0.000788543,5.82018,75.135,0.1,1,0.1,-9623.363994
567,0.948355,4.76974e-06,6.86169e-06,2.97144,0.000788543,5.82018,75.135,0.1,1,0.1,-9623.363994
568,0.948355,4.76974e-06,6.86169e-06,2.97144,0.000788543,5.82018,75.135,0.1,1,0.1,-9623.363994
569,0.948355,4.76974e-06,6.86169e-06,2.97144,0.000788543,5.82018,75.135,0.1,1,0.1,-9623.363994
570,0.949045,4.83131e-06,6.7629e-06,2.9724,0.000774754,5.81718,75.0141,0.1,1,0.1,-9622.571586
571,0.949045,4.83131e-06,6.7629e-06,2.9724,0.000774754,5.81718,75.0141,0.1,1,0.1,-9622.571586
572,0.949045,4.83131e-06,6.7629e-06,2.9724,0.000774754,5.81718,75.0141,0.1,1,0.1,-9622.571586
573,0.949045,4.83131e-06,6.7629e-06,2.9724,0.000774754,5.81718,75.0141,0.1,1,0.1,-9622.571586
574,0.949045,4.83131e-06,6.7629e-06,2.9724,0.000774754,5.81718,75.0141,0.1,1,0.1,-9622.571586
575,0.949045,4.83131e-06,6.7629e-06,2.9724,0.000774754,5.81718,75.0141,0.1,1,0.1,-9622.571586
576,0.949045,4.83131e-06,6.7629e-06,2.9724,0.000774754,5.81718,75.0141,0.1,1,0.1,-9622.571586
577,0.949045,4.83131e-06,6.7629e-06,2.9724,0.000774754,5.81718,75.0141,0.1,1,0.1,-9622.571586
578,0.949045,4.83131e-06,6.7629e-06,2.9724,0.000774754,5.81718,75.0141,0.1,1,0.1,-9622.571586
579,0.949045,4.83131e-06,6.7629e-06,2.9724,0.000774754,5.81718,75.0141,0.1,1,0.1,-9622.571586
580,0.949045,4.83131e-06,6.7629e-06,2.9724,0.000774754,5.81718,75.0141,0.1,1,0.1,-9622.571586
581,0.949045,4.83131e-06,6.7629e-06,2.9724,0.000774754,5.81718,75.0141,0.1,1,0.1,-9622.571586
582,0.949045,4.83131e-06,6.7629e-06,2.9724,0.000774754,5.81718,75.0141,0.1,1,0.1,-9622.571586
583,0.949045,4.83131e-06,6.7629e-06,2.9724,0.000774754,5.81718,75.0141,0.1,1,0.1,-9622.571586
584,0.949045,4.83131e-06,6.7629e-06,2.9724,0.000774754,5.81718,75.0141,0.1,1,0.1,-9622.571586
585,0.949045,4.83131e-06,6.7629e-06,2.9724,0.000774754,5.81718,75.0141,0.1,1,0.1,-9622.571586
586,0.949045,4.83131e-06,6.7629e-06,2.9724,0.000774754,5.81718,75.0141,0.1,1,0.1,-9622.571586
587,0.949045,4.83131e-06,6.7629e-06,2.9724,0.000774754,5.81718,75.0141,0.1,1,0.1,-9622.571586
588,0.949045,4.83131e-06,6.7629e-06,2.9724,0.000774754,5.81718,75.0141,0.1,1,0.1,-9622.571586
589,0.949045,4.83131e-06,6.7629e-06,2.9724,0.000774754,5.81718,75.0141,0.1,1,0.1,-9622.571586
590,0.949045,4.83131e-06,6.7629e-06,2.9724,0.000774754,5.81718,75.0141,0.1,1,0.1,-9622.571586
591,0.949045,4.83131e-06,6.7629e-06,2.9724,0.000774754,5.81718,75.0141,0.1,1,0.1,-9622.571586
592,0.949045,4.83131e-06,6.7629e-06,2.9724,0.000774754,5.81718,75.0141,0.1,1,0.1,-9622.571586
593,0.949045,4.83131e-06,6.7629e-06,2.9724,0.000774754,5.81718,75.0141,0.1,1,0.1,-9622.571586
594,0.949045,4.83131e-06,6.7629e-06,2.9724,0.000774754,5.81718,75.0141,0.1,1,0.1,-9622.571586
595,0.949045,4.83131e-06,6.7629e-06,2.9724,0.000774754,5.81718,75.0141,0.1,1,0.1,-9622.571586
596,0.949045,4.83131e-06,6.7629e-06,2.9724,0.000774754,5.81718,75.0141,0.1,1,0.1,-9622.571586
597,0.949045,4.83131e-06,6.7629e-06,2.9724,0.000774754,5.81718,75.0141,0.1,1,0.1,-9622.571586
598,0.949045,4.83131e-06,6.7629e-06,2.9724,0.000774754,5.81718,75.0141,0.1,1,0.1,-9622.571586
599,0.949045,4.83131e-06,6.7629e-06,2.9724,0.000774754,5.81718,75.0141,0.1,1,0.1,-9622.571586
600,0.949045,4.83131e-06,6.7629e-06,2.9724,0.000774754,5.81718,75.0141,0.1,1,0.1,-9622.571586
601,0.949045,4.83131e-06,6.7629e-06,2.9724,0.000774754,5.81718,75.0141,0.1,1,0.1,-9622.571586
602,0.949045,4.83131e-06,6.7629e-06,2.9724,0.000774754,5.81718,75.0141,0.1,1,0.1,-9622.571586
603,0.949045,4.83131e-06,6.7629e-06,2.9724,0.000774754,5.81718,75.0141,0.1,1,0.1,-9622.571586
604,0.949045,4.83131e-06,6.7629e-06,2.9724,0.000774754,5.81718,75.0141,0.1,1,0.1,-9622.571586
605,0.949045,4.83131e-06,6.7629e-06,2.9724,0.000774754,5.81718,75.0141,0.1,1,0.1,-9622.571586
606,0.949045,4.83131e-06,6.7629e-06,2.9724,0.000774754,5.81718,75.0141,0.1,1,0.1,-9622.571586
607,0.949045,4.83131e-06,6.7629e-06,2.9724,0.000774754,5.81718,75.0141,0.1,1,0.1,-9622.571586
608,0.949045,4.83131e-06,6.7629e-06,2.9724,0.000774754,5.81718,75.0141,0.1,1,0.1,-9622.571586
609,0.949045,4.83131e-06,6.7629e-06,2.9724,0.000774754,5.81718,75.0141,0.1,1,0.1,-9622.571586
610,0.949045,4.83131e-06,6.7629e-06,2.9724,0.000774754,5.81718,75.0141,0.1,1,0.1,-9622.571586
611,0.949045,4.83131e-06,6.7629e-06,2.9724,0.000774754,5.81718,75.0141,0.1,1,0.1,-9622.571586
612,0.949045,4.83131e-06,6.7629e-06,2.9724,0.000774754,5.81718,75.0141,0.1,1,0.1,-9622.571586
613,0.949045,4.83131e-06,6.7629e-06,2.9724,0.000774754,5.81718,75.0141,0.1,1,0.1,-9622.571586
614,0.949045,4.83131e-06,6.7629e-06,2.9724,0.000774754,5.81718,75.0141,0.1,1,0.1,-9622.571586
615,0.949045,4.83131e-06,6.7629e-06,2.9724,0.000774754,5.81718,75.0141,0.1,1,0.1,-9622.571586
616,0.952292,4.64719e-06,6.52094e-06,2.98099,0.000712362,5.8224,74.5498,0.1,1,0.1,-9620.835639
617,0.952292,4.64719e-06,6.52094e-06,2.98099,0.000712362,5.8224,74.5498,0.1,1,0.1,-9620.835639
618,0.952292,4.64719e-06,6.52094e-06,2.98099,0.000712362,5.8224,74.5498,0.1,1,0.1,-9620.835639
619,0.952292,4.64719e-06,6.52094e-06,2.98099,0.000712362,5.8224,74.5498,0.1,1,0.1,-9620.835639
620,0.952292,4.64719e-06,6.52094e-06,2.98099,0.000712362,5.8224,74.5498,0.1,1,0.1,-9620.835639
621,0.952292,4.64719e-06,6.52094e-06,2.98099,0.000712362,5.8224,74.5498,0.1,1,0.1,-9620.835639
622,0.952292,4.64719e-06,6.52094e-06,2.98099,0.000712362,5.8224,74.5498,0.1,1,0.1,-9620.835639
623,0.952292,4.64719e-06,6.52094e-06,2.98099,0.000712362,5.8224,74.5498,0.1,1,0.1,-9620.835639
624,0.952292,4.64719e-06,6.52094e-06,2.98099,0.000712362,5.8224,74.5498,0.1,1,0.1,-9620.835639
625,0.952292,4.64719e-06,6.52094e-06,2.98099,0.000712362,5.8224,74.5498,0.1,1,0.1,-9620.835639
626,0.952292,4.64719e-06,6.52094e-06,2.98099,0.000712362,5.8224,74.5498,0.1,1,0.1,-9620.835639
627,0.952292,4.64719e-06,6.52094e-06,2.98099,0.000712362,5.8224,74.5498,0.1,1,0.1,-9620.835639
628,0.952292,4.64719e-06,6.52094e-06,2.98099,0.000712362,5.8224,74.5498,0.1,1,0.1,-9620.835639
629,0.952292,4.64719e-06,6.52094e-06,2.98099,0.000712362,5.8224,74.5498,0.1,1,0.1,-9620.835639
630,0.952292,4.64719e-06,6.52094e-06,2.98099,0.000712362,5.8224,74.5498,0.1,1,0.1,-9620.835639
631,0.952292,4.64719e-06,6.52094e-06,2.98099,0.000712362,5.8224,74.5498,0.1,1,0.1,-9620.835639
632,0.952292,4.64719e-06,6.52094e-06,2.98099,0.000712362,5.8224,74.5498,0.1,1,0.1,-9620.835639
633,0.952292,4.64719e-06,6.52094e-06,2.98099,0.000712362,5.8224,74.5498,0.1,1,0.1,-9620.835639
634,0.952292,4.64719e-06,6.52094e-06,2.98099,0.000712362,5.8224,74.5498,0.1,1,0.1,-9620.835639
635,0.952292,4.64719e-06,6.52094e-06,2.98099,0.000712362,5.8224,74.5498,0.1,1,0.1,-9620.835639
636,0.952292,4.64719e-06,6.52094e-06,2.98099,0.000712362,5.8224,74.5498,0.1,1,0.1,-9620.835639
637,0.952292,4.64719e-06,6.52094e-06,2.98099,0.000712362,5.8224,74.5498,0.1,1,0.1,-9620.835639
638,0.952292,4.64719e-06,6.52094e-06,2.98099,0.000712362,5.8224,74.5498,0.1,1,0.1,-9620.835639
639,0.950734,4.65086e-06,6.49153e-06,2.97457,0.000706832,5.82632,74.6198,0.1,1,0.1,-9623.033729
640,0.950734,4.65086e-06,6.49153e-06,2.97457,0.000706832,5.82632,74.6198,0.1,1,0.1,-9623.033729
641,0.950734,4.65086e-06,6.49153e-06,2.97457,0.000706832,5.82632,74.6198,0.1,1,0.1,-9623.033729
642,0.950734,4.65086e-06,6.49153e-06,2.97457,0.000706832,5.82632,74.6198,0.1,1,0.1,-9623.033729
643,0.950734,4.65086e-06,6.49153e-06,2.97457,0.000706832,5.82632,74.6198,0.1,1,0.1,-9623.033729
644,0.950734,4.65086e-06,6.49153e-06,2.97457,0.000706832,5.82632,74.6198,0.1,1,0.1,-9623.033729
645,0.950734,4.65086e-06,6.49153e-06,2.97457,0.000706832,5.82632,74.6198,0.1,1,0.1,-9623.033729
646,0.950734,4.65086e-06,6.49153e-06,2.97457,0.000706832,5.82632,74.6198,0.1,1,0.1,-9623.033729
647,0.950734,4.65086e-06,6.49153e-06,2.97457,0.000706832,5.82632,74.6198,0.1,1,0.1,-9623.033729
648,0.950734,4.65086e-06,6.49153e-06,2.97457,0.000706832,5.82632,74.6198,0.1,1,0.1,-9623.033729
649,0.950734,4.65086e-06,6.49153e-06,2.97457,0.000706832,5.82632,74.6198,0.1,1,0.1,-9623.033729
650,0.950734,4.65086e-06,6.49153e-06,2.97457,0.000706832,5.82632,74.6198,0.1,1,0.1,-9623.033729
651,0.950734,4.65086e-06,6.49153e-06,2.97457,0.000706832,5.82632,74.6198,0.1,1,0.1,-9623.033729
652,0.950734,4.65086e-06,6.49153e-06,2.97457,0.000706832,5.82632,74.6198,0.1,1,0.1,-9623.033729
653,0.950734,4.65086e-06,6.49153e-06,2.97457,0.000706832,5.82632,74.6198,0.1,1,0.1,-9623.033729
654,0.950734,4.65086e-06,6.49153e-06,2.97457,0.000706832,5.82632,74.6198,0.1,1,0.1,-9623.033729
655,0.950734,4.65086e-06,6.49153e-06,2.97457,0.000706832,5.82632,74.6198,0.1,1,0.1,-9623.033729
656,0.950734,4.65086e-06,6.49153e-06,2.97457,0.000706832,5.82632,74.6198,0.1,1,0.1,-9623.033729
657,0.950734,4.65086e-06,6.49153e-06,2.97457,0.000706832,5.82632,74.6198,0.1,1,0.1,-9623.033729
658,0.950734,4.65086e-06,6.49153e-06,2.97457,0.000706832,5.82632,74.6198,0.1,1,0.1,-9623.033729
659,0.950734,4.65086e-06,6.49153e-06,2.97457,0.000706832,5.82632,74.6198,0.1,1,0.1,-9623.033729
660,0.950734,4.65086e-06,6.49153e-06,2.97457,0.000706832,5.82632,74.6198,0.1,1,0.1,-9623.033729
661,0.950734,4.65086e-06,6.49153e-06,2.97457,0.000706832,5.82632,74.6198,0.1,1,0.1,-9623.033729
662,0.950734,4.65086e-06,6.49153e-06,2.97457,0.000706832,5.82632,74.6198,0.1,1,0.1,-9623.033729
663,0.950734,4.65086e-06,6.49153e-06,2.97457,0.000706832,5.82632,74.6198,0.1,1,0.1,-9623.033729
664,0.950734,4.65086e-06,6.49153e-06,2.97457,0.000706832,5.82632,74.6198,0.1,1,0.1,-9623.033729
665,0.950734,4.65086e-06,6.49153e-06,2.97457,0.000706832,5.82632,74.6198,0.1,1,0.1,-9623.033729
666,0.950734,4.65086e-06,6.49153e-06,2.97457,0.000706832,5.82632,74.6198,0.1,1,0.1,-9623.033729
667,0.950734,4.65086e-06,6.49153e-06,2.97457,0.000706832,5.82632,74.6198,0.1,1,0.1,-9623.033729
668,0.950734,4.65086e-06,6.49153e-06,2.97457,0.000706832,5.82632,74.6198,0.1,1,0.1,-9623.033729
669,0.950734,4.65086e-06,6.49153e-06,2.97457,0.000706832,5.82632,74.6198,0.1,1,0.1,-9623.033729
670,0.950734,4.65086e-06,6.49153e-06,2.97457,0.000706832,5.82632,74.6198,0.1,1,0.1,-9623.033729
671,0.950734,4.65086e-06,6.49153e-06,2.97457,0.000706832,5.82632,74.6198,0.1,1,0.1,-9623.033729
672,0.950734,4.65086e-06,6.49153e-06,2.97457,0.000706832,5.82632,74.6198,0.1,1,0.1,-9623.033729
673,0.950734,4.65086e-06,6.49153e-06,2.97457,0.000706832,5.82632,74.6198,0.1,1,0.1,-9623.033729
674,0.950734,4.65086e-06,6.49153e-06,2.97457,0.000706832,5.82632,74.6198,0.1,1,0.1,-9623.033729
675,0.950734,4.65086e-06,6.49153e-06,2.97457,0.000706832,5.82632,74.6198,0.1,1,0.1,-9623.033729
676,0.950734,4.65086e-06,6.49153e-06,2.97457,0.000706832,5.82632,74.6198,0.1,1,0.1,-9623.033729
677,0.950734,4.65086e-06,6.49153e-06,2.97457,0.000706832,5.82632,74.6198,0.1,1,0.1,-9623.033729
678,0.950734,4.65086e-06,6.49153e-06,2.97457,0.000706832,5.82632,74.6198,0.1,1,0.1,-9623.033729
679,0.950734,4.65086e-06,6.49153e-06,2.97457,0.000706832,5.82632,74.6198,0.1,1,0.1,-9623.033729
680,0.950734,4.65086e-06,6.49153e-06,2.97457,0.000706832,5.82632,74.6198,0.1,1,0.1,-9623.033729
681,0.950734,4.65086e-06,6.49153e-06,2.97457,0.000706832,5.82632,74.6198,0.1,1,0.1,-9623.033729
682,0.950734,4.65086e-06,6.49153e-06,2.97457,0.000706832,5.82632,74.6198,0.1,1,0.1,-9623.033729
683,0.950734,4.65086e-06,6.49153e-06,2.97457,0.000706832,5.82632,74.6198,0.1,1,0.1,-9623.033729
684,0.950734,4.65086e-06,6.49153e-06,2.97457,0.000706832,5.82632,74.6198,0.1,1,0.1,-9623.033729
685,0.950734,4.65086e-06,6.49153e-06,2.97457,0.000706832,5.82632,74.6198,0.1,1,0.1,-9623.033729
686,0.950734,4.65086e-06,6.49153e-06,2.97457,0.000706832,5.82632,74.6198,0.1,1,0.1,-9623.033729
687,0.950734,4.65086e-06,6.49153e-06,2.97457,0.000706832,5.82632,74.6198,0.1,1,0.1,-9623.033729
688,0.950734,4.65086e-06,6.49153e-06,2.97457,0.000706832,5.82632,74.6198,0.1,1,0.1,-9623.033729
689,0.950734,4.65086e-06,6.49153e-06,2.97457,0.000706832,5.82632,74.6198,0.1,1,0.1,-9623.033729
690,0.950734,4.65086e-06,6.49153e-06,2.97457,0.000706832,5.82632,74.6198,0.1,1,0.1,-9623.033729
691,0.950734,4.65086e-06,6.49153e-06,2.97457,0.000706832,5.82632,74.6198,0.1,1,0.1,-9623.033729
692,0.950734,4.65086e-06,6.49153e-06,2.97457,0.000706832,5.82632,74.6198,0.1,1,0.1,-9623.033729
693,0.950734,4.65086e-06,6.49153e-06,2.97457,0.000706832,5.82632,74.6198,0.1,1,0.1,-9623.033729
694,0.950734,4.65086e-06,6.49153e-06,2.97457,0.000706832,5.82632,74.6198,0.1,1,0.1,-9623.033729
695,0.950734,4.65086e-06,6.49153e-06,2.97457,0.000706832,5.82632,74.6198,0.1,1,0.1,-9623.033729
696,0.950734,4.65086e-06,6.49153e-06,2.97457,0.000706832,5.82632,74.6198,0.1,1,0.1,-9623.033729
697,0.950734,4.65086e-06,6.49153e-06,2.97457,0.000706832,5.82632,74.6198,0.1,1,0.1,-9623.033729
698,0.950734,4.65086e-06,6.49153e-06,2.97457,0.000706832,5.82632,74.6198,0.1,1,0.1,-9623.033729
699,0.950734,4.65086e-06,6.49153e-06,2.97457,0.000706832,5.82632,74.6198,0.1,1,0.1,-9623.033729
700,0.950734,4.65086e-06,6.49153e-06,2.97457,0.000706832,5.82632,74.6198,0.1,1,0.1,-9623.033729
701,0.950734,4.65086e-06,6.49153e-06,2.97457,0.000706832,5.82632,74.6198,0.1,1,0.1,-9623.033729
702,0.950734,4.65086e-06,6.49153e-06,2.97457,0.000706832,5.82632,74.6198,0.1,1,0.1,-9623.033729
703,0.950734,4.65086e-06,6.49153e-06,2.97457,0.000706832,5.82632,74.6198,0.1,1,0.1,-9623.033729
704,0.950734,4.65086e-06,6.49153e-06,2.97457,0.000706832,5.82632,74.6198,0.1,1,0.1,-9623.033729
705,0.950734,4.65086e-06,6.49153e-06,2.97457,0.000706832,5.82632,74.6198,0.1,1,0.1,-9623.033729
706,0.950734,4.65086e-06,6.49153e-06,2.97457,0.000706832,5.82632,74.6198,0.1,1,0.1,-9623.033729
707,0.950734,4.65086e-06,6.49153e-06,2.97457,0.000706832,5.82632,74.6198,0.1,1,0.1,-9623.033729
708,0.950734,4.65086e-06,6.49153e-06,2.97457,0.000706832,5.82632,74.6198,0.1,1,0.1,-9623.033729
709,0.950734,4.65086e-06,6.49153e-06,2.97457,0.000706832,5.82632,74.6198,0.1,1,0.1,-9623.033729
710,0.950734,4.65086e-06,6.49153e-06,2.97457,0.000706832,5.82632,74.6198,0.1,1,0.1,-9623.033729
711,0.950734,4.65086e-06,6.49153e-06,2.97457,0.000706832,5.82632,74.6198,0.1,1,0.1,-9623.033729
712,0.950734,4.65086e-06,6.49153e-06,2.97457,0.000706832,5.82632,74.6198,0.1,1,0.1,-9623.033729
713,0.950734,4.65086e-06,6.49153e-06,2.97457,0.000706832,5.82632,74.6198,0.1,1,0.1,-9623.033729
714,0.950734,4.65086e-06,6.49153e-06,2.97457,0.000706832,5.82632,74.6198,0.1,1,0.1,-9623.033729
715,0.950734,4.65086e-06,6.49153e-06,2.97457,0.000706832,5.82632,74.6198,0.1,1,0.1,-9623.033729
716,0.950734,4.65086e-06,6.49153e-06,2.97457,0.000706832,5.82632,74.6198,0.1,1,0.1,-9623.033729
717,0.950734,4.65086e-06,6.49153e-06,2.97457,0.000706832,5.82632,74.6198,0.1,1,0.1,-9623.033729
718,0.950734,4.65086e-06,6.49153e-06,2.97457,0.000706832,5.82632,74.6198,0.1,1,0.1,-9623.033729
719,0.950734,4.65086e-06,6.49153e-06,2.97457,0.000706832,5.82632,74.6198,0.1,1,0.1,-9623.033729
720,0.950734,4.65086e-06,6.49153e-06,2.97457,0.000706832,5.82632,74.6198,0.1,1,0.1,-9623.033729
721,0.950734,4.65086e-06,6.49153e-06,2.97457,0.000706832,5.82632,74.6198,0.1,1,0.1,-9623.033729
722,0.950734,4.65086e-06,6.49153e-06,2.97457,0.000706832,5.82632,74.6198,0.1,1,0.1,-9623.033729
723,0.950734,4.65086e-06,6.49153e-06,2.97457,0.000706832,5.82632,74.6198,0.1,1,0.1,-9623.033729
724,0.950734,4.65086e-06,6.49153e-06,2.97457,0.000706832,5.82632,74.6198,0.1,1,0.1,-9623.033729
725,0.950734,4.65086e-06,6.49153e-06,2.97457,0.000706832,5.82632,74.6198,0.1,1,0.1,-9623.033729
726,0.950734,4.65086e-06,6.49153e-06,2.97457,0.000706832,5.82632,74.6198,0.1,1,0.1,-9623.033729
727,0.950734,4.65086e-06,6.49153e-06,2.97457,0.000706832,5.82632,74.6198,0.1,1,0.1,-9623.033729
728,0.950734,4.65086e-06,6.49153e-06,2.97457,0.000706832,5.82632,74.6198,0.1,1,0.1,-9623.033729
729,0.950734,4.65086e-06,6.49153e-06,2.97457,0.000706832,5.82632,74.6198,0.1,1,0.1,-9623.033729
730,0.950734,4.65086e-06,6.49153e-06,2.97457,0.000706832,5.82632,74.6198,0.1,1,0.1,-9623.033729
731,0.950734,4.65086e-06,6.49153e-06,2.97457,0.000706832,5.82632,74.6198,0.1,1,0.1,-9623.033729
732,0.950734,4.65086e-06,6.49153e-06,2.97457,0.000706832,5.82632,74.6198,0.1,1,0.1,-9623.033729
733,0.950734,4.65086e-06,6.49153e-06,2.97457,0.000706832,5.82632,74.6198,0.1,1,0.1,-9623.033729
734,0.950734,4.65086e-06,6.49153e-06,2.97457,0.000706832,5.82632,74.6198,0.1,1,0.1,-9623.033729
735,0.950734,4.65086e-06,6.49153e-06,2.97457,0.000706832,5.82632,74.6198,0.1,1,0.1,-9623.033729
736,0.950734,4.65086e-06,6.49153e-06,2.97457,0.000706832,5.82632,74.6198,0.1,1,0.1,-9623.033729
737,0.950734,4.65086e-06,6.49153e-06,2.97457,0.000706832,5.82632,74.6198,0.1,1,0.1,-9623.033729
738,0.950734,4.65086e-06,6.49153e-06,2.97457,0.000706832,5.82632,74.6198,0.1,1,0.1,-9623.033729
739,0.950734,4.65086e-06,6.49153e-06,2.97457,0.000706832,5.82632,74.6198,0.1,1,0.1,-9623.033729
740,0.950734,4.65086e-06,6.49153e-06,2.97457,0.000706832,5.82632,74.6198,0.1,1,0.1,-9623.033729
741,0.950734,4.65086e-06,6.49153e-06,2.97457,0.000706832,5.82632,74.6198,0.1,1,0.1,-9623.033729
742,0.950734,4.65086e-06,6.49153e-06,2.97457,0.000706832,5.82632,74.6198,0.1,1,0.1,-9623.033729
743,0.950734,4.65086e-06,6.49153e-06,2.97457,0.000706832,5.82632,74.6198,0.1,1,0.1,-9623.033729
744,0.950734,4.65086e-06,6.49153e-06,2.97457,0.000706832,5.82632,74.6198,0.1,1,0.1,-9623.033729
745,0.950734,4.65086e-06,6.49153e-06,2.97457,0.000706832,5.82632,74.6198,0.1,1,0.1,-9623.033729
746,0.950734,4.65086e-06,6.49153e-06,2.97457,0.000706832,5.82632,74.6198,0.1,1,0.1,-9623.033729
747,0.950734,4.65086e-06,6.49153e-06,2.97457,0.000706832,5.82632,74.6198,0.1,1,0.1,-9623.033729
748,0.950734,4.65086e-06,6.49153e-06,2.97457,0.000706832,5.82632,74.6198,0.1,1,0.1,-9623.033729
749,0.950734,4.65086e-06,6.49153e-06,2.97457,0.000706832,5.82632,74.6198,0.1,1,0.1,-9623.033729
750,0.940569,5.50547e-06,6.25463e-06,2.96128,0.000795639,5.7648,75.3707,0.1,1,0.1,-9626.189863
751,0.940569,5.50547e-06,6.25463e-06,2.96128,0.000795639,5.7648,75.3707,0.1,1,0.1,-9626.189863
752,0.940569,5.50547e-06,6.25463e-06,2.96128,0.000795639,5.7648,75.3707,0.1,1,0.1,-9626.189863
753,0.940569,5.50547e-06,6.25463e-06,2.96128,0.000795639,5.7648,75.3707,0.1,1,0.1,-9626.189863
754,0.940569,5.50547e-06,6.25463e-06,2.96128,0.000795639,5.7648,75.3707,0.1,1,0.1,-9626.189863
755,0.940569,5.50547e-06,6.25463e-06,2.96128,0.000795639,5.7648,75.3707,0.1,1,0.1,-9626.189863
756,0.940569,5.50547e-06,6.25463e-06,2.96128,0.000795639,5.7648,75.3707,0.1,1,0.1,-9626.189863
757,0.940569,5.50547e-06,6.25463e-06,2.96128,0.000795639,5.7648,75.3707,0.1,1,0.1,-9626.189863
758,0.940569,5.50547e-06,6.25463e-06,2.96128,0.000795639,5.7648,75.3707,0.1,1,0.1,-9626.189863
759,0.940569,5.50547e-06,6.25463e-06,2.96128,0.000795639,5.7648,75.3707,0.1,1,0.1,-9626.189863
760,0.940569,5.50547e-06,6.25463e-06,2.96128,0.000795639,5.7648,75.3707,0.1,1,0.1,-9626.189863
761,0.940569,5.50547e-06,6.25463e-06,2.96128,0.000795639,5.7648,75.3707,0.1,1,0.1,-9626.189863
762,0.940569,5.50547e-06,6.25463e-06,2.96128,0.000795639,5.7648,75.3707,0.1,1,0.1,-9626.189863
763,0.940569,5.50547e-06,6.25463e-06,2.96128,0.000795639,5.7648,75.3707,0.1,1,0.1,-9626.189863
764,0.940569,5.50547e-06,6.25463e-06,2.96128,0.000795639,5.7648,75.3707,0.1,1,0.1,-9626.189863
765,0.940569,5.50547e-06,6.25463e-06,2.96128,0.000795639,5.7648,75.3707,0.1,1,0.1,-9626.189863
766,0.940569,5.50547e-06,6.25463e-06,2.96128,0.000795639,5.7648,75.3707,0.1,1,0.1,-9626.189863
767,0.940569,5.50547e-06,6.25463e-06,2.96128,0.000795639,5.7648,75.3707,0.1,1,0.1,-9626.189863
768,0.940569,5.50547e-06,6.25463e-06,2.96128,0.000795639,5.7648,75.3707,0.1,1,0.1,-9626.189863
769,0.940569,5.50547e-06,6.25463e-06,2.96128,0.000795639,5.7648,75.3707,0.1,1,0.1,-9626.189863
770,0.940569,5.50547e-06,6.25463e-06,2.96128,0.000795639,5.7648,75.3707,0.1,1,0.1,-9626.189863
771,0.940569,5.50547e-06,6.25463e-06,2.96128,0.000795639,5.7648,75.3707,0.1,1,0.1,-9626.189863
772,0.940569,5.50547e-06,6.25463e-06,2.96128,0.000795639,5.7648,75.3707,0.1,1,0.1,-9626.189863
773,0.940569,5.50547e-06,6.25463e-06,2.96128,0.000795639,5.7648,75.3707,0.1,1,0.1,-9626.189863
774,0.940569,5.50547e-06,6.25463e-06,2.96128,0.000795639,5.7648,75.3707,0.1,1,0.1,-9626.189863
775,0.940569,5.50547e-06,6.25463e-06,2.96128,0.000795639,5.7648,75.3707,0.1,1,0.1,-9626.189863
776,0.940569,5.50547e-06,6.25463e-06,2.96128,0.000795639,5.7648,75.3707,0.1,1,0.1,-9626.189863
777,0.940569,5.50547e-06,6.25463e-06,2.96128,0.000795639,5.7648,75.3707,0.1,1,0.1,-9626.189863
778,0.940569,5.50547e-06,6.25463e-06,2.96128,0.000795639,5.7648,75.3707,0.1,1,0.1,-9626.189863
779,0.940569,5.50547e-06,6.25463e-06,2.96128,0.000795639,5.7648,75.3707,0.1,1,0.1,-9626.189863
780,0.940569,5.50547e-06,6.25463e-06,2.96128,0.000795639,5.7648,75.3707,0.1,1,0.1,-9626.189863
781,0.940569,5.50547e-06,6.25463e-06,2.96128,0.000795639,5.7648,75.3707,0.1,1,0.1,-9626.189863
782,0.940569,5.50547e-06,6.25463e-06,2.96128,0.000795639,5.7648,75.3707,0.1,1,0.1,-9626.189863
783,0.940569,5.50547e-06,6.25463e-06,2.96128,0.000795639,5.7648,75.3707,0.1,1,0.1,-9626.189863
784,0.940569,5.50547e-06,6.25463e-06,2.96128,0.000795639,5.7648,75.3707,0.1,1,0.1,-9626.189863
785,0.940569,5.50547e-06,6.25463e-06,2.96128,0.000795639,5.7648,75.3707,0.1,1,0.1,-9626.189863
786,0.940569,5.50547e-06,6.25463e-06,2.96128,0.000795639,5.7648,75.3707,0.1,1,0.1,-9626.189863
787,0.940569,5.50547e-06,6.25463e-06,2.96128,0.000795639,5.7648,75.3707,0.1,1,0.1,-9626.189863
788,0.940569,5.50547e-06,6.25463e-06,2.96128,0.000795639,5.7648,75.3707,0.1,1,0.1,-9626.189863
789,0.940569,5.50547e-06,6.25463e-06,2.96128,0.000795639,5.7648,75.3707,0.1,1,0.1,-9626.189863
790,0.940569,5.50547e-06,6.25463e-06,2.96128,0.000795639,5.7648,75.3707,0.1,1,0.1,-9626.189863
791,0.940569,5.50547e-06,6.25463e-06,2.96128,0.000795639,5.7648,75.3707,0.1,1,0.1,-9626.189863
792,0.940569,5.50547e-06,6.25463e-06,2.96128,0.000795639,5.7648,75.3707,0.1,1,0.1,-9626.189863
793,0.940569,5.50547e-06,6.25463e-06,2.96128,0.000795639,5.7648,75.3707,0.1,1,0.1,-9626.189863
794,0.940569,5.50547e-06,6.25463e-06,2.96128,0.000795639,5.7648,75.3707,0.1,1,0.1,-9626.189863
795,0.940569,5.50547e-06,6.25463e-06,2.96128,0.000795639,5.7648,75.3707,0.1,1,0.1,-9626.189863
796,0.940569,5.50547e-06,6.25463e-06,2.96128,0.000795639,5.7648,75.3707,0.1,1,0.1,-9626.189863
797,0.940569,5.50547e-06,6.25463e-06,2.96128,0.000795639,5.7648,75.3707,0.1,1,0.1,-9626.189863
798,0.940569,5.50547e-06,6.25463e-06,2.96128,0.000795639,5.7648,75.3707,0.1,1,0.1,-9626.189863
799,0.940569,5.50547e-06,6.25463e-06,2.96128,0.000795639,5.7648,75.3707,0.1,1,0.1,-9626.189863
800,0.940569,5.50547e-06,6.25463e-06,2.96128,0.000795639,5.7648,75.3707,0.1,1,0.1,-9626.189863
801,0.940569,5.50547e-06,6.25463e-06,2.96128,0.000795639,5.7648,75.3707,0.1,1,0.1,-9626.189863
802,0.940569,5.50547e-06,6.25463e-06,2.96128,0.000795639,5.7648,75.3707,0.1,1,0.1,-9626.189863
803,0.940569,5.50547e-06,6.25463e-06,2.96128,0.000795639,5.7648,75.3707,0.1,1,0.1,-9626.189863
804,0.940569,5.50547e-06,6.25463e-06,2.96128,0.000795639,5.7648,75.3707,0.1,1,0.1,-9626.189863
805,0.940569,5.50547e-06,6.25463e-06,2.96128,0.000795639,5.7648,75.3707,0.1,1,0.1,-9626.189863
806,0.940569,5.50547e-06,6.25463e-06,2.96128,0.000795639,5.7648,75.3707,0.1,1,0.1,-9626.189863
807,0.940569,5.50547e-06,6.25463e-06,2.96128,0.000795639,5.7648,75.3707,0.1,1,0.1,-9626.189863
808,0.940569,5.50547e-06,6.25463e-06,2.96128,0.000795639,5.7648,75.3707,0.1,1,0.1,-9626.189863
809,0.940569,5.50547e-06,6.25463e-06,2.96128,0.000795639,5.7648,75.3707,0.1,1,0.1,-9626.189863
810,0.940569,5.50547e-06,6.25463e-06,2.96128,0.000795639,5.7648,75.3707,0.1,1,0.1,-9626.189863
811,0.940569,5.50547e-06,6.25463e-06,2.96128,0.000795639,5.7648,75.3707,0.1,1,0.1,-9626.189863
812,0.940569,5.50547e-06,6.25463e-06,2.96128,0.000795639,5.7648,75.3707,0.1,1,0.1,-9626.189863
813,0.940569,5.50547e-06,6.25463e-06,2.96128,0.000795639,5.7648,75.3707,0.1,1,0.1,-9626.189863
814,0.940569,5.50547e-06,6.25463e-06,2.96128,0.000795639,5.7648,75.3707,0.1,1,0.1,-9626.189863
815,0.940569,5.50547e-06,6.25463e-06,2.96128,0.000795639,5.7648,75.3707,0.1,1,0.1,-9626.189863
816,0.940569,5.50547e-06,6.25463e-06,2.96128,0.000795639,5.7648,75.3707,0.1,1,0.1,-9626.189863
817,0.940569,5.50547e-06,6.25463e-06,2.96128,0.000795639,5.7648,75.3707,0.1,1,0.1,-9626.189863
818,0.940569,5.50547e-06,6.25463e-06,2.96128,0.000795639,5.7648,75.3707,0.1,1,0.1,-9626.189863
819,0.940569,5.50547e-06,6.25463e-06,2.96128,0.000795639,5.7648,75.3707,0.1,1,0.1,-9626.189863
820,0.940569,5.50547e-06,6.25463e-06,2.96128,0.000795639,5.7648,75.3707,0.1,1,0.1,-9626.189863
821,0.940569,5.50547e-06,6.25463e-06,2.96128,0.000795639,5.7648,75.3707,0.1,1,0.1,-9626.189863
822,0.940569,5.50547e-06,6.25463e-06,2.96128,0.000795639,5.7648,75.3707,0.1,1,0.1,-9626.189863
823,0.940569,5.50547e-06,6.25463e-06,2.96128,0.000795639,5.7648,75.3707,0.1,1,0.1,-9626.189863
824,0.940569,5.50547e-06,6.25463e-06,2.96128,0.000795639,5.7648,75.3707,0.1,1,0.1,-9626.189863
825,0.940569,5.50547e-06,6.25463e-06,2.96128,0.000795639,5.7648,75.3707,0.1,1,0.1,-9626.189863
826,0.940569,5.50547e-06,6.25463e-06,2.96128,0.000795639,5.7648,75.3707,0.1,1,0.1,-9626.189863
827,0.940569,5.50547e-06,6.25463e-06,2.96128,0.000795639,5.7648,75.3707,0.1,1,0.1,-9626.189863
828,0.940569,5.50547e-06,6.25463e-06,2.96128,0.000795639,5.7648,75.3707,0.1,1,0.1,-9626.189863
829,0.940569,5.50547e-06,6.25463e-06,2.96128,0.000795639,5.7648,75.3707,0.1,1,0.1,-9626.189863
830,0.940569,5.50547e-06,6.25463e-06,2.96128,0.000795639,5.7648,75.3707,0.1,1,0.1,-9626.189863
831,0.940569,5.50547e-06,6.25463e-06,2.96128,0.000795639,5.7648,75.3707,0.1,1,0.1,-9626.189863
832,0.940569,5.50547e-06,6.25463e-06,2.96128,0.000795639,5.7648,75.3707,0.1,1,0.1,-9626.189863
833,0.940569,5.50547e-06,6.25463e-06,2.96128,0.000795639,5.7648,75.3707,0.1,1,0.1,-9626.189863
834,0.940569,5.50547e-06,6.25463e-06,2.96128,0.000795639,5.7648,75.3707,0.1,1,0.1,-9626.189863
835,0.940569,5.50547e-06,6.25463e-06,2.96128,0.000795639,5.7648,75.3707,0.1,1,0.1,-9626.189863
836,0.940569,5.50547e-06,6.25463e-06,2.96128,0.000795639,5.7648,75.3707,0.1,1,0.1,-9626.189863
837,0.940569,5.50547e-06,6.25463e-06,2.96128,0.000795639,5.7648,75.3707,0.1,1,0.1,-9626.189863
838,0.940569,5.50547e-06,6.25463e-06,2.96128,0.000795639,5.7648,75.3707,0.1,1,0.1,-9626.189863
839,0.940569,5.50547e-06,6.25463e-06,2.96128,0.000795639,5.7648,75.3707,0.1,1,0.1,-9626.189863
840,0.940569,5.50547e-06,6.25463e-06,2.96128,0.000795639,5.7648,75.3707,0.1,1,0.1,-9626.189863
841,0.940569,5.50547e-06,6.25463e-06,2.96128,0.000795639,5.7648,75.3707,0.1,1,0.1,-9626.189863
842,0.940569,5.50547e-06,6.25463e-06,2.96128,0.000795639,5.7648,75.3707,0.1,1,0.1,-9626.189863
843,0.940569,5.50547e-06,6.25463e-06,2.96128,0.000795639,5.7648,75.3707,0.1,1,0.1,-9626.189863
844,0.940569,5.50547e-06,6.25463e-06,2.96128,0.000795639,5.7648,75.3707,0.1,1,0.1,-9626.189863
845,0.940569,5.50547e-06,6.25463e-06,2.96128,0.000795639,5.7648,75.3707,0.1,1,0.1,-9626.189863
846,0.940569,5.50547e-06,6.25463e-06,2.96128,0.000795639,5.7648,75.3707,0.1,1,0.1,-9626.189863
847,0.940569,5.50547e-06,6.25463e-06,2.96128,0.000795639,5.7648,75.3707,0.1,1,0.1,-9626.189863
848,0.940569,5.50547e-06,6.25463e-06,2.96128,0.000795639,5.7648,75.3707,0.1,1,0.1,-9626.189863
849,0.940569,5.50547e-06,6.25463e-06,2.96128,0.000795639,5.7648,75.3707,0.1,1,0.1,-9626.189863
850,0.940569,5.50547e-06,6.25463e-06,2.96128,0.000795639,5.7648,75.3707,0.1,1,0.1,-9626.189863
851,0.940569,5.50547e-06,6.25463e-06,2.96128,0.000795639,5.7648,75.3707,0.1,1,0.1,-9626.189863
852,0.940569,5.50547e-06,6.25463e-06,2.96128,0.000795639,5.7648,75.3707,0.1,1,0.1,-9626.189863
853,0.940569,5.50547e-06,6.25463e-06,2.96128,0.000795639,5.7648,75.3707,0.1,1,0.1,-9626.189863
854,0.940569,5.50547e-06,6.25463e-06,2.96128,0.000795639,5.7648,75.3707,0.1,1,0.1,-9626.189863
855,0.940569,5.50547e-06,6.25463e-06,2.96128,0.000795639,5.7648,75.3707,0.1,1,0.1,-9626.189863
856,0.940569,5.50547e-06,6.25463e-06,2.96128,0.000795639,5.7648,75.3707,0.1,1,0.1,-9626.189863
857,0.940569,5.50547e-06,6.25463e-06,2.96128,0.000795639,5.7648,75.3707,0.1,1,0.1,-9626.189863
858,0.940569,5.50547e-06,6.25463e-06,2.96128,0.000795639,5.7648,75.3707,0.1,1,0.1,-9626.189863
859,0.940569,5.50547e-06,6.25463e-06,2.96128,0.000795639,5.7648,75.3707,0.1,1,0.1,-9626.189863
860,0.940569,5.50547e-06,6.25463e-06,2.96128,0.000795639,5.7648,75.3707,0.1,1,0.1,-9626.189863
861,0.940569,5.50547e-06,6.25463e-06,2.96128,0.000795639,5.7648,75.3707,0.1,1,0.1,-9626.189863
862,0.940569,5.50547e-06,6.25463e-06,2.96128,0.000795639,5.7648,75.3707,0.1,1,0.1,-9626.189863
863,0.940569,5.50547e-06,6.25463e-06,2.96128,0.000795639,5.7648,75.3707,0.1,1,0.1,-9626.189863
864,0.940569,5.50547e-06,6.25463e-06,2.96128,0.000795639,5.7648,75.3707,0.1,1,0.1,-9626.189863
865,0.940569,5.50547e-06,6.25463e-06,2.96128,0.000795639,5.7648,75.3707,0.1,1,0.1,-9626.189863
866,0.940569,5.50547e-06,6.25463e-06,2.96128,0.000795639,5.7648,75.3707,0.1,1,0.1,-9626.189863
867,0.940569,5.50547e-06,6.25463e-06,2.96128,0.000795639,5.7648,75.3707,0.1,1,0.1,-9626.189863
868,0.940569,5.50547e-06,6.25463e-06,2.96128,0.000795639,5.7648,75.3707,0.1,1,0.1,-9626.189863
869,0.940569,5.50547e-06,6.25463e-06,2.96128,0.000795639,5.7648,75.3707,0.1,1,0.1,-9626.189863
870,0.940569,5.50547e-06,6.25463e-06,2.96128,0.000795639,5.7648,75.3707,0.1,1,0.1,-9626.189863
871,0.940569,5.50547e-06,6.25463e-06,2.96128,0.000795639,5.7648,75.3707,0.1,1,0.1,-9626.189863
872,0.940569,5.50547e-06,6.25463e-06,2.96128,0.000795639,5.7648,75.3707,0.1,1,0.1,-9626.189863
873,0.940569,5.50547e-06,6.25463e-06,2.96128,0.000795639,5.7648,75.3707,0.1,1,0.1,-9626.189863
874,0.940569,5.50547e-06,6.25463e-06,2.96128,0.000795639,5.7648,75.3707,0.1,1,0.1,-9626.189863
875,0.940569,5.50547e-06,6.25463e-06,2.96128,0.000795639,5.7648,75.3707,0.1,1,0.1,-9626.189863
876,0.940569,5.50547e-06,6.25463e-06,2.96128,0.000795639,5.7648,75.3707,0.1,1,0.1,-9626.189863
877,0.940569,5.50547e-06,6.25463e-06,2.96128,0.000795639,5.7648,75.3707,0.1,1,0.1,-9626.189863
878,0.940569,5.50547e-06,6.25463e-06,2.96128,0.000795639,5.7648,75.3707,0.1,1,0.1,-9626.189863
879,0.940569,5.50547e-06,6.25463e-06,2.96128,0.000795639,5.7648,75.3707,0.1,1,0.1,-9626.189863
880,0.940569,5.50547e-06,6.25463e-06,2.96128,0.000795639,5.7648,75.3707,0.1,1,0.1,-9626.189863
881,0.940569,5.50547e-06,6.25463e-06,2.96128,0.000795639,5.7648,75.3707,0.1,1,0.1,-9626.189863
882,0.940569,5.50547e-06,6.25463e-06,2.96128,0.000795639,5.7648,75.3707,0.1,1,0.1,-9626.189863
883,0.940569,5.50547e-06,6.25463e-06,2.96128,0.000795639,5.7648,75.3707,0.1,1,0.1,-9626.189863
884,0.940569,5.50547e-06,6.25463e-06,2.96128,0.000795639,5.7648,75.3707,0.1,1,0.1,-9626.189863
885,0.940569,5.50547e-06,6.25463e-06,2.96128,0.000795639,5.7648,75.3707,0.1,1,0.1,-9626.189863
886,0.940569,5.50547e-06,6.25463e-06,2.96128,0.000795639,5.7648,75.3707,0.1,1,0.1,-9626.189863
887,0.940569,5.50547e-06,6.25463e-06,2.96128,0.000795639,5.7648,75.3707,0.1,1,0.1,-9626.189863
888,0.940569,5.50547e-06,6.25463e-06,2.96128,0.000795639,5.7648,75.3707,0.1,1,0.1,-9626.189863
889,0.940569,5.50547e-06,6.25463e-06,2.96128,0.000795639,5.7648,75.3707,0.1,1,0.1,-9626.189863
890,0.940569,5.50547e-06,6.25463e-06,2.96128,0.000795639,5.7648,75.3707,0.1,1,0.1,-9626.189863
891,0.940569,5.50547e-06,6.25463e-06,2.96128,0.000795639,5.7648,75.3707,0.1,1,0.1,-9626.189863
892,0.940569,5.50547e-06,6.25463e-06,2.96128,0.000795639,5.7648,75.3707,0.1,1,0.1,-9626.189863
893,0.940569,5.50547e-06,6.25463e-06,2.96128,0.000795639,5.7648,75.3707,0.1,1,0.1,-9626.189863
894,0.940569,5.50547e-06,6.25463e-06,2.96128,0.000795639,5.7648,75.3707,0.1,1,0.1,-9626.189863
895,0.940569,5.50547e-06,6.25463e-06,2.96128,0.000795639,5.7648,75.3707,0.1,1,0.1,-9626.189863
896,0.940569,5.50547e-06,6.25463e-06,2.96128,0.000795639,5.7648,75.3707,0.1,1,0.1,-9626.189863
897,0.940569,5.50547e-06,6.25463e-06,2.96128,0.000795639,5.7648,75.3707,0.1,1,0.1,-9626.189863
898,0.940569,5.50547e-06,6.25463e-06,2.96128,0.000795639,5.7648,75.3707,0.1,1,0.1,-9626.189863
899,0.940569,5.50547e-06,6.25463e-06,2.96128,0.000795639,5.7648,75.3707,0.1,1,0.1,-9626.189863
900,0.940569,5.50547e-06,6.25463e-06,2.96128,0.000795639,5.7648,75.3707,0.1,1,0.1,-9626.189863
901,0.940569,5.50547e-06,6.25463e-06,2.96128,0.000795639,5.7648,75.3707,0.1,1,0.1,-9626.189863
902,0.940569,5.50547e-06,6.25463e-06,2.96128,0.000795639,5.7648,75.3707,0.1,1,0.1,-9626.189863
903,0.940569,5.50547e-06,6.25463e-06,2.96128,0.000795639,5.7648,75.3707,0.1,1,0.1,-9626.189863
904,0.940569,5.50547e-06,6.25463e-06,2.96128,0.000795639,5.7648,75.3707,0.1,1,0.1,-9626.189863
905,0.940569,5.50547e-06,6.25463e-06,2.96128,0.000795639,5.7648,75.3707,0.1,1,0.1,-9626.189863
906,0.940569,5.50547e-06,6.25463e-06,2.96128,0.000795639,5.7648,75.3707,0.1,1,0.1,-9626.189863
907,0.940569,5.50547e-06,6.25463e-06,2.96128,0.000795639,5.7648,75.3707,0.1,1,0.1,-9626.189863
908,0.940569,5.50547e-06,6.25463e-06,2.96128,0.000795639,5.7648,75.3707,0.1,1,0.1,-9626.189863
909,0.940569,5.50547e-06,6.25463e-06,2.96128,0.000795639,5.7648,75.3707,0.1,1,0.1,-9626.189863
910,0.940569,5.50547e-06,6.25463e-06,2.96128,0.000795639,5.7648,75.3707,0.1,1,0.1,-9626.189863
911,0.940569,5.50547e-06,6.25463e-06,2.96128,0.000795639,5.7648,75.3707,0.1,1,0.1,-9626.189863
912,0.940569,5.50547e-06,6.25463e-06,2.96128,0.000795639,5.7648,75.3707,0.1,1,0.1,-9626.189863
913,0.940569,5.50547e-06,6.25463e-06,2.96128,0.000795639,5.7648,75.3707,0.1,1,0.1,-9626.189863
914,0.940569,5.50547e-06,6.25463e-06,2.96128,0.000795639,5.7648,75.3707,0.1,1,0.1,-9626.189863
915,0.940569,5.50547e-06,6.25463e-06,2.96128,0.000795639,5.7648,75.3707,0.1,1,0.1,-9626.189863
916,0.940569,5.50547e-06,6.25463e-06,2.96128,0.000795639,5.7648,75.3707,0.1,1,0.1,-9626.189863
917,0.940569,5.50547e-06,6.25463e-06,2.96128,0.000795639,5.7648,75.3707,0.1,1,0.1,-9626.189863
918,0.940569,5.50547e-06,6.25463e-06,2.96128,0.000795639,5.7648,75.3707,0.1,1,0.1,-9626.189863
919,0.940569,5.50547e-06,6.25463e-06,2.96128,0.000795639,5.7648,75.3707,0.1,1,0.1,-9626.189863
920,0.940569,5.50547e-06,6.25463e-06,2.96128,0.000795639,5.7648,75.3707,0.1,1,0.1,-9626.189863
921,0.940569,5.50547e-06,6.25463e-06,2.96128,0.000795639,5.7648,75.3707,0.1,1,0.1,-9626.189863
922,0.940569,5.50547e-06,6.25463e-06,2.96128,0.000795639,5.7648,75.3707,0.1,1,0.1,-9626.189863
923,0.940569,5.50547e-06,6.25463e-06,2.96128,0.000795639,5.7648,75.3707,0.1,1,0.1,-9626.189863
924,0.940569,5.50547e-06,6.25463e-06,2.96128,0.000795639,5.7648,75.3707,0.1,1,0.1,-9626.189863
925,0.940569,5.50547e-06,6.25463e-06,2.96128,0.000795639,5.7648,75.3707,0.1,1,0.1,-9626.189863
926,0.940569,5.50547e-06,6.25463e-06,2.96128,0.000795639,5.7648,75.3707,0.1,1,0.1,-9626.189863
927,0.940569,5.50547e-06,6.25463e-06,2.96128,0.000795639,5.7648,75.3707,0.1,1,0.1,-9626.189863
928,0.940569,5.50547e-06,6.25463e-06,2.96128,0.000795639,5.7648,75.3707,0.1,1,0.1,-9626.189863
929,0.940569,5.50547e-06,6.25463e-06,2.96128,0.000795639,5.7648,75.3707,0.1,1,0.1,-9626.189863
930,0.940569,5.50547e-06,6.25463e-06,2.96128,0.000795639,5.7648,75.3707,0.1,1,0.1,-9626.189863
931,0.940569,5.50547e-06,6.25463e-06,2.96128,0.000795639,5.7648,75.3707,0.1,1,0.1,-9626.189863
932,0.940569,5.50547e-06,6.25463e-06,2.96128,0.000795639,5.7648,75.3707,0.1,1,0.1,-9626.189863
933,0.940569,5.50547e-06,6.25463e-06,2.96128,0.000795639,5.7648,75.3707,0.1,1,0.1,-9626.189863
934,0.940569,5.50547e-06,6.25463e-06,2.96128,0.000795639,5.7648,75.3707,0.1,1,0.1,-9626.189863
935,0.940569,5.50547e-06,6.25463e-06,2.96128,0.000795639,5.7648,75.3707,0.1,1,0.1,-9626.189863
936,0.940569,5.50547e-06,6.25463e-06,2.96128,0.000795639,5.7648,75.3707,0.1,1,0.1,-9626.189863
937,0.940569,5.50547e-06,6.25463e-06,2.96128,0.000795639,5.7648,75.3707,0.1,1,0.1,-9626.189863
938,0.940569,5.50547e-06,6.25463e-06,2.96128,0.000795639,5.7648,75.3707,0.1,1,0.1,-9626.189863
939,0.940569,5.50547e-06,6.25463e-06,2.96128,0.000795639,5.7648,75.3707,0.1,1,0.1,-9626.189863
940,0.940569,5.50547e-06,6.25463e-06,2.96128,0.000795639,5.7648,75.3707,0.1,1,0.1,-9626.189863
941,0.940569,5.50547e-06,6.25463e-06,2.96128,0.000795639,5.7648,75.3707,0.1,1,0.1,-9626.189863
942,0.940569,5.50547e-06,6.25463e-06,2.96128,0.000795639,5.7648,75.3707,0.1,1,0.1,-9626.189863
943,0.940569,5.50547e-06,6.25463e-06,2.96128,0.000795639,5.7648,75.3707,0.1,1,0.1,-9626.189863
944,0.940569,5.50547e-06,6.25463e-06,2.96128,0.000795639,5.7648,75.3707,0.1,1,0.1,-9626.189863
945,0.940569,5.50547e-06,6.25463e-06,2.96128,0.000795639,5.7648,75.3707,0.1,1,0.1,-9626.189863
946,0.940569,5.50547e-06,6.25463e-06,2.96128,0.000795639,5.7648,75.3707,0.1,1,0.1,-9626.189863
947,0.940569,5.50547e-06,6.25463e-06,2.96128,0.000795639,5.7648,75.3707,0.1,1,0.1,-9626.189863
948,0.940569,5.50547e-06,6.25463e-06,2.96128,0.000795639,5.7648,75.3707,0.1,1,0.1,-9626.189863
949,0.940569,5.50547e-06,6.25463e-06,2.96128,0.000795639,5.7648,75.3707,0.1,1,0.1,-9626.189863
950,0.940569,5.50547e-06,6.25463e-06,2.96128,0.000795639,5.7648,75.3707,0.1,1,0.1,-9626.189863
951,0.940569,5.50547e-06,6.25463e-06,2.96128,0.000795639,5.7648,75.3707,0.1,1,0.1,-9626.189863
952,0.940569,5.50547e-06,6.25463e-06,2.96128,0.000795639,5.7648,75.3707,0.1,1,0.1,-9626.189863
953,0.940569,5.50547e-06,6.25463e-06,2.96128,0.000795639,5.7648,75.3707,0.1,1,0.1,-9626.189863
954,0.940569,5.50547e-06,6.25463e-06,2.96128,0.000795639,5.7648,75.3707,0.1,1,0.1,-9626.189863
955,0.940569,5.50547e-06,6.25463e-06,2.96128,0.000795639,5.7648,75.3707,0.1,1,0.1,-9626.189863
956,0.940569,5.50547e-06,6.25463e-06,2.96128,0.000795639,5.7648,75.3707,0.1,1,0.1,-9626.189863
957,0.940569,5.50547e-06,6.25463e-06,2.96128,0.000795639,5.7648,75.3707,0.1,1,0.1,-9626.189863
958,0.940569,5.50547e-06,6.25463e-06,2.96128,0.000795639,5.7648,75.3707,0.1,1,0.1,-9626.189863
959,0.940569,5.50547e-06,6.25463e-06,2.96128,0.000795639,5.7648,75.3707,0.1,1,0.1,-9626.189863
960,0.940569,5.50547e-06,6.25463e-06,2.96128,0.000795639,5.7648,75.3707,0.1,1,0.1,-9626.189863
961,0.940569,5.50547e-06,6.25463e-06,2.96128,0.000795639,5.7648,75.3707,0.1,1,0.1,-9626.189863
962,0.940569,5.50547e-06,6.25463e-06,2.96128,0.000795639,5.7648,75.3707,0.1,1,0.1,-9626.189863
963,0.940569,5.50547e-06,6.25463e-06,2.96128,0.000795639,5.7648,75.3707,0.1,1,0.1,-9626.189863
964,0.940569,5.50547e-06,6.25463e-06,2.96128,0.000795639,5.7648,75.3707,0.1,1,0.1,-9626.189863
965,0.940569,5.50547e-06,6.25463e-06,2.96128,0.000795639,5.7648,75.3707,0.1,1,0.1,-9626.189863
966,0.940569,5.50547e-06,6.25463e-06,2.96128,0.000795639,5.7648,75.3707,0.1,1,0.1,-9626.189863
967,0.940569,5.50547e-06,6.25463e-06,2.96128,0.000795639,5.7648,75.3707,0.1,1,0.1,-9626.189863
968,0.940569,5.50547e-06,6.25463e-06,2.96128,0.000795639,5.7648,75.3707,0.1,1,0.1,-9626.189863
969,0.940569,5.50547e-06,6.25463e-06,2.96128,0.000795639,5.7648,75.3707,0.1,1,0.1,-9626.189863
970,0.940569,5.50547e-06,6.25463e-06,2.96128,0.000795639,5.7648,75.3707,0.1,1,0.1,-9626.189863
971,0.940569,5.50547e-06,6.25463e-06,2.96128,0.000795639,5.7648,75.3707,0.1,1,0.1,-9626.189863
972,0.940569,5.50547e-06,6.25463e-06,2.96128,0.000795639,5.7648,75.3707,0.1,1,0.1,-9626.189863
973,0.940569,5.50547e-06,6.25463e-06,2.96128,0.000795639,5.7648,75.3707,0.1,1,0.1,-9626.189863
974,0.940569,5.50547e-06,6.25463e-06,2.96128,0.000795639,5.7648,75.3707,0.1,1,0.1,-9626.189863
975,0.940569,5.50547e-06,6.25463e-06,2.96128,0.000795639,5.7648,75.3707,0.1,1,0.1,-9626.189863
976,0.940569,5.50547e-06,6.25463e-06,2.96128,0.000795639,5.7648,75.3707,0.1,1,0.1,-9626.189863
977,0.940569,5.50547e-06,6.25463e-06,2.96128,0.000795639,5.7648,75.3707,0.1,1,0.1,-9626.189863
978,0.940569,5.50547e-06,6.25463e-06,2.96128,0.000795639,5.7648,75.3707,0.1,1,0.1,-9626.189863
979,0.940569,5.50547e-06,6.25463e-06,2.96128,0.000795639,5.7648,75.3707,0.1,1,0.1,-9626.189863
980,0.940569,5.50547e-06,6.25463e-06,2.96128,0.000795639,5.7648,75.3707,0.1,1,0.1,-9626.189863
981,0.940569,5.50547e-06,6.25463e-06,2.96128,0.000795639,5.7648,75.3707,0.1,1,0.1,-9626.189863
982,0.940569,5.50547e-06,6.25463e-06,2.96128,0.000795639,5.7648,75.3707,0.1,1,0.1,-9626.189863
983,0.940569,5.50547e-06,6.25463e-06,2.96128,0.000795639,5.7648,75.3707,0.1,1,0.1,-9626.189863
984,0.940569,5.50547e-06,6.25463e-06,2.96128,0.000795639,5.7648,75.3707,0.1,1,0.1,-9626.189863
985,0.940569,5.50547e-06,6.25463e-06,2.96128,0.000795639,5.7648,75.3707,0.1,1,0.1,-9626.189863
986,0.940569,5.50547e-06,6.25463e-06,2.96128,0.000795639,5.7648,75.3707,0.1,1,0.1,-9626.189863
987,0.940569,5.50547e-06,6.25463e-06,2.96128,0.000795639,5.7648,75.3707,0.1,1,0.1,-9626.189863
988,0.940569,5.50547e-06,6.25463e-06,2.96128,0.000795639,5.7648,75.3707,0.1,1,0.1,-9626.189863
989,0.940569,5.50547e-06,6.25463e-06,2.96128,0.000795639,5.7648,75.3707,0.1,1,0.1,-9626.189863
990,0.940569,5.50547e-06,6.25463e-06,2.96128,0.000795639,5.7648,75.3707,0.1,1,0.1,-9626.189863
991,0.940569,5.50547e-06,6.25463e-06,2.96128,0.000795639,5.7648,75.3707,0.1,1,0.1,-9626.189863
992,0.940569,5.50547e-06,6.25463e-06,2.96128,0.000795639,5.7648,75.3707,0.1,1,0.1,-9626.189863
993,0.940569,5.50547e-06,6.25463e-06,2.96128,0.000795639,5.7648,75.3707,0.1,1,0.1,-9626.189863
994,0.940569,5.50547e-06,6.25463e-06,2.96128,0.000795639,5.7648,75.3707,0.1,1,0.1,-9626.189863
995,0.940569,5.50547e-06,6.25463e-06,2.96128,0.000795639,5.7648,75.3707,0.1,1,0.1,-9626.189863
996,0.940569,5.50547e-06,6.25463e-06,2.96128,0.000795639,5.7648,75.3707,0.1,1,0.1,-9626.189863
997,0.940569,5.50547e-06,6.25463e-06,2.96128,0.000795639,5.7648,75.3707,0.1,1,0.1,-9626.189863
998,0.940569,5.50547e-06,6.25463e-06,2.96128,0.000795639,5.7648,75.3707,0.1,1,0.1,-9626.189863
999,0.940569,5.50547e-06,6.25463e-06,2.96128,0.000795639,5.7648,75.3707,0.1,1,0.1,-9626.189863
